Player,Age,Team,Pos,G,GS,MP,PER,TS%,3PAr,FTr,ORB%,DRB%,TRB%,AST%,STL%,BLK%,TOV%,USG%,OWS,DWS,WS,WS/48,OBPM,DBPM,BPM,VORP,Awards
Shai Gilgeous-Alexander,27,OKC,PG,10,10,348,30.9,.642,.264,.431,1.0,14.0,7.7,31.2,1.4,3.5,6.5,34.2,1.7,0.7,2.3,.322,8.7,1.8,10.5,1.1,
Devin Booker,29,PHO,SG,9,9,331,22.2,.638,.320,.403,3.6,8.9,6.2,32.7,1.0,0.8,14.8,31.3,1.0,0.1,1.1,.159,4.9,-1.9,3.1,0.4,
Tyrese Maxey,25,PHI,PG,8,8,330,24.7,.630,.390,.385,1.0,13.2,7.0,33.2,1.3,2.2,9.8,29.4,1.3,0.2,1.5,.223,6.9,-0.3,6.6,0.7,
Derrick White,31,BOS,SG,10,10,324,14.1,.445,.580,.160,2.3,9.7,5.9,22.3,2.9,3.8,5.9,22.3,0.1,0.4,0.5,.069,-0.3,1.0,0.7,0.2,
DeMar DeRozan,36,SAC,PF,9,9,323,16.5,.571,.142,.355,1.4,11.4,6.3,15.7,1.3,0.3,5.2,22.6,0.5,0.1,0.6,.085,0.2,-1.5,-1.2,0.1,
Rui Hachimura,27,LAL,PF,9,9,323,13.4,.699,.379,.295,2.4,10.0,6.5,6.0,0.7,0.9,10.8,15.9,0.6,0.2,0.7,.108,0.7,-1.6,-0.9,0.1,
Cade Cunningham,24,DET,PG,9,9,322,20.5,.564,.326,.331,2.3,11.6,7.0,42.8,1.3,2.2,13.9,30.1,0.6,0.4,1.0,.156,4.0,-0.3,3.7,0.5,
Payton Pritchard,28,BOS,PG,10,10,319,16.2,.547,.543,.210,3.6,9.5,6.5,23.4,1.6,0.0,8.5,21.9,0.6,0.2,0.8,.120,0.9,-0.9,0.0,0.2,
Lauri Markkanen,28,UTA,PF,9,9,318,21.3,.590,.441,.340,5.6,12.9,9.2,10.9,1.2,1.3,5.3,29.3,0.8,0.1,1.0,.150,5.8,-1.8,4.0,0.5,
Jaylen Brown,29,BOS,SF,10,10,317,22.9,.623,.300,.290,1.7,15.6,8.4,24.7,1.3,1.0,13.8,35.0,0.6,0.3,0.9,.134,4.3,-0.4,3.9,0.5,
Grayson Allen,30,PHO,SG,9,9,313,13.3,.578,.669,.149,1.4,10.1,5.7,20.2,2.0,0.9,12.3,19.4,0.4,0.2,0.6,.087,-0.2,-0.7,-0.9,0.1,
Paolo Banchero,23,ORL,PF,9,9,312,18.8,.558,.257,.636,3.5,26.5,15.0,19.8,1.1,2.7,11.4,26.8,0.4,0.4,0.8,.130,1.2,0.4,1.6,0.3,
Franz Wagner,24,ORL,SF,9,9,311,18.6,.605,.280,.392,5.7,12.0,8.9,16.7,1.4,0.8,10.7,25.0,0.7,0.3,1.0,.147,1.9,-1.2,0.7,0.2,
Miles Bridges,27,CHO,PF,9,9,310,16.6,.557,.497,.345,3.4,19.6,11.7,16.7,0.8,0.9,7.2,23.8,0.6,0.1,0.8,.117,1.7,-1.8,-0.1,0.2,
VJ Edgecombe,20,PHI,SG,8,8,309,14.0,.550,.387,.176,6.1,10.4,8.2,17.3,1.7,0.6,10.5,19.0,0.4,0.2,0.6,.093,-0.2,-1.0,-1.3,0.1,
Julius Randle,31,MIN,PF,9,9,306,25.8,.677,.322,.404,4.6,18.9,12.1,29.8,1.6,0.9,13.6,28.0,1.2,0.3,1.5,.237,6.5,0.5,7.0,0.7,
Jonathan Kuminga,23,GSW,PF,10,10,304,14.5,.598,.265,.342,7.0,20.1,13.4,16.0,0.8,0.9,17.2,22.8,0.2,0.2,0.4,.068,-1.5,-1.4,-3.0,-0.1,
Keyonte George,22,UTA,PG,9,9,303,17.9,.591,.378,.563,1.0,10.4,5.6,36.1,1.3,1.0,15.1,26.7,0.6,0.1,0.7,.114,2.2,-1.4,0.8,0.2,
P.J. Washington,27,DAL,PF,9,9,302,11.7,.518,.322,.331,3.8,21.6,12.8,11.9,1.2,3.1,16.1,22.6,-0.5,0.5,0.0,.008,-3.3,0.4,-3.0,-0.1,
Evan Mobley,24,CLE,PF,9,9,301,18.8,.547,.341,.377,7.1,21.5,14.1,18.7,2.5,4.8,13.0,25.0,0.2,0.5,0.8,.121,0.8,1.5,2.4,0.3,
Isaiah Hartenstein,27,OKC,C,10,10,300,21.7,.694,.037,.333,12.3,29.0,21.0,16.3,2.6,2.0,17.7,16.3,0.8,0.8,1.6,.254,1.5,2.2,3.6,0.4,
Kelly Oubre Jr.,30,PHI,PF,8,8,299,16.2,.654,.457,.276,3.3,13.4,8.3,5.3,1.8,2.1,7.8,17.6,0.6,0.2,0.8,.135,1.2,-0.5,0.7,0.2,
Brandon Ingram,28,TOR,SF,9,9,295,17.0,.610,.271,.243,1.9,18.4,10.3,18.0,1.3,1.9,14.4,25.8,0.2,0.4,0.6,.095,0.5,-0.2,0.3,0.2,
Dyson Daniels,22,ATL,SG,9,9,294,12.3,.506,.101,.228,4.7,14.5,9.7,17.7,3.5,1.6,16.4,14.8,0.0,0.5,0.4,.069,-3.2,2.2,-1.0,0.1,
Scottie Barnes,24,TOR,PF,9,9,293,21.0,.579,.273,.210,6.5,17.8,12.2,23.1,2.3,4.5,9.8,24.8,0.5,0.5,1.0,.160,3.2,1.7,4.8,0.5,
Alperen Şengün,23,HOU,C,8,8,293,21.4,.571,.208,.515,7.4,21.8,15.0,30.3,2.0,2.4,14.9,26.5,0.7,0.5,1.2,.191,3.7,1.6,5.3,0.5,
RJ Barrett,25,TOR,SF,9,9,292,18.6,.644,.386,.299,1.9,14.5,8.3,16.4,1.6,1.3,10.6,23.1,0.5,0.3,0.9,.143,2.5,-0.1,2.4,0.3,
Cooper Flagg,19,DAL,PG,9,9,291,10.9,.506,.307,.228,2.5,18.2,10.5,13.1,1.6,1.6,13.2,21.0,-0.3,0.5,0.2,.026,-3.8,0.2,-3.6,-0.1,
Duncan Robinson,31,DET,SF,9,9,290,8.9,.604,.778,.208,1.5,7.5,4.5,7.1,0.5,1.4,7.1,11.9,0.3,0.3,0.6,.100,-1.1,-0.8,-1.9,0.0,
Brandin Podziemski,22,GSW,SG,10,6,289,12.9,.566,.480,.184,2.3,16.3,9.2,18.0,1.8,0.9,11.7,17.7,0.2,0.3,0.5,.081,-1.4,0.1,-1.3,0.1,
Andrew Wiggins,30,MIA,SF,9,9,289,15.6,.616,.353,.176,5.0,10.6,7.9,10.6,1.9,2.6,12.3,21.0,0.2,0.4,0.6,.103,0.4,0.8,1.2,0.2,
Jaden McDaniels,25,MIN,PF,9,9,288,17.1,.642,.291,.222,4.5,11.0,7.9,9.3,1.3,4.2,11.7,21.7,0.5,0.2,0.7,.119,0.6,-0.3,0.3,0.2,
Jaren Jackson Jr.,26,MEM,C,10,10,287,15.8,.646,.342,.351,2.6,17.6,10.0,6.8,1.0,4.8,12.0,21.6,0.3,0.3,0.6,.103,-1.1,0.3,-0.9,0.1,
Dennis Schröder,32,SAC,PG,9,9,287,12.5,.492,.370,.134,1.2,12.0,6.5,30.6,1.8,0.9,14.3,21.7,-0.1,0.1,0.0,.004,-1.6,-1.2,-2.8,-0.1,
Zach LaVine,30,SAC,SG,8,8,287,17.6,.668,.481,.336,0.4,10.0,5.1,8.6,0.7,0.3,9.6,24.6,0.6,0.0,0.6,.099,2.5,-2.4,0.1,0.2,
Royce O'Neale,32,PHO,SF,9,6,286,12.9,.628,.843,.045,4.6,15.0,9.7,13.6,2.2,0.3,15.0,15.5,0.3,0.2,0.5,.092,0.5,-0.4,0.1,0.1,
Rudy Gobert,33,MIN,C,9,9,285,14.9,.709,.000,.571,12.0,22.2,17.3,6.4,0.7,4.2,18.6,11.4,0.5,0.3,0.8,.136,-0.9,-0.1,-0.9,0.1,
Pascal Siakam,31,IND,PF,8,8,285,18.4,.519,.263,.413,3.6,20.7,11.4,31.0,2.0,1.0,10.4,31.0,0.0,0.4,0.4,.071,2.1,0.8,2.9,0.3,
Kon Knueppel,20,CHO,SF,9,8,284,12.5,.602,.643,.157,2.0,18.7,10.7,10.8,0.8,0.3,13.4,20.5,0.2,0.1,0.3,.057,-0.3,-1.9,-2.2,0.0,
Kevin Durant,37,HOU,SF,8,8,284,17.2,.603,.258,.470,1.3,13.1,7.5,11.3,1.6,2.4,13.1,26.7,0.5,0.3,0.8,.141,0.1,-0.6,-0.5,0.1,
Trey Murphy III,25,NOP,SF,8,8,284,13.4,.520,.551,.159,3.9,16.7,9.7,16.0,1.7,0.7,6.5,18.2,0.3,0.1,0.4,.060,-0.1,-1.2,-1.3,0.0,
Amen Thompson,23,HOU,SF,8,8,283,15.8,.542,.181,.328,8.0,12.4,10.4,22.5,1.4,1.0,13.7,22.5,0.4,0.3,0.7,.120,0.1,-0.8,-0.6,0.1,
Mikal Bridges,29,NYK,SF,8,8,281,18.9,.666,.483,.180,3.6,12.4,7.6,21.3,1.9,3.4,8.6,15.4,0.9,0.3,1.2,.207,3.6,2.0,5.6,0.5,
Jimmy Butler,36,GSW,SF,9,9,279,21.5,.631,.212,.635,7.7,11.4,9.5,21.5,1.7,1.0,8.9,22.3,1.0,0.2,1.2,.211,3.9,-0.1,3.7,0.4,
Ryan Rollins,23,MIL,PG,9,8,279,18.0,.631,.409,.182,3.2,9.7,6.5,24.2,3.0,0.6,16.2,21.6,0.5,0.3,0.8,.135,1.0,0.4,1.4,0.2,
Nickeil Alexander-Walker,27,ATL,SG,9,6,278,13.4,.570,.455,.331,1.9,6.7,4.4,15.7,1.5,2.3,14.2,24.3,0.0,0.2,0.2,.042,-0.5,-1.2,-1.7,0.0,
Immanuel Quickley,26,TOR,PG,9,9,278,14.3,.525,.500,.370,2.4,12.5,7.5,26.8,2.4,0.0,12.1,20.0,0.3,0.3,0.6,.102,-0.7,0.1,-0.5,0.1,
Ajay Mitchell,23,OKC,SG,10,2,276,19.2,.569,.285,.308,4.1,10.5,7.4,22.4,3.0,0.7,10.9,25.9,0.4,0.6,1.0,.174,0.5,0.9,1.4,0.2,
Devin Vassell,25,SAS,SG,8,8,275,10.5,.522,.623,.151,2.2,11.1,6.9,10.9,1.8,0.3,9.6,19.3,0.1,0.4,0.5,.079,-1.9,-0.6,-2.5,0.0,
Jake LaRavia,24,LAL,PF,9,4,274,14.4,.641,.432,.338,6.2,13.8,10.3,12.3,2.3,0.4,12.4,15.1,0.4,0.3,0.7,.123,0.7,0.1,0.8,0.2,
Josh Giddey,23,CHI,PG,8,8,274,21.7,.585,.275,.366,4.2,24.5,15.0,41.8,1.2,0.6,16.0,27.7,0.6,0.3,0.9,.157,3.8,0.6,4.4,0.4,
Nikola Jokić,30,DEN,C,8,8,274,35.0,.719,.322,.273,9.2,30.9,20.9,51.6,2.8,2.4,12.9,24.1,1.7,0.6,2.4,.414,11.5,6.5,18.0,1.4,
Victor Wembanyama,22,SAS,C,8,8,273,26.0,.596,.179,.464,6.3,34.9,21.2,16.0,1.8,10.5,12.5,30.0,0.5,0.8,1.3,.229,1.6,3.8,5.4,0.5,
Ja Morant,26,MEM,PG,9,9,272,15.1,.489,.292,.342,2.0,12.1,7.0,43.5,1.9,0.3,15.1,33.2,-0.2,0.2,0.0,.000,-1.6,-2.2,-3.8,-0.1,
Jalen Brunson,29,NYK,PG,8,8,272,22.3,.577,.364,.301,1.5,11.9,6.2,31.3,1.6,0.0,8.4,32.3,0.8,0.2,1.0,.182,4.2,-0.6,3.6,0.4,
OG Anunoby,28,NYK,PF,8,8,271,18.3,.612,.523,.153,4.8,15.5,9.7,10.5,3.4,2.4,10.6,20.1,0.4,0.4,0.8,.150,2.0,1.7,3.7,0.4,
Desmond Bane,27,ORL,SG,9,9,269,11.6,.528,.351,.237,4.5,10.7,7.6,19.6,0.9,1.2,13.7,22.5,0.1,0.2,0.3,.053,-2.3,-1.6,-3.9,-0.1,
Max Christie,22,DAL,SG,9,6,268,12.8,.702,.646,.165,0.4,7.6,4.1,13.0,0.3,0.9,10.6,15.0,0.4,0.2,0.6,.116,0.5,-0.8,-0.2,0.1,
Donte DiVincenzo,29,MIN,SG,9,9,268,15.6,.627,.755,.234,3.1,11.0,7.2,17.2,1.8,1.4,11.9,18.9,0.5,0.2,0.7,.131,2.1,-0.2,1.9,0.3,
Cason Wallace,22,OKC,SG,9,9,268,14.3,.601,.588,.118,3.8,9.7,6.8,13.7,4.2,1.1,12.3,13.2,0.3,0.6,0.9,.170,-1.1,3.3,2.3,0.3,
Davion Mitchell,27,MIA,PG,9,9,267,12.3,.541,.357,.157,2.5,7.6,5.1,31.4,1.9,0.4,15.8,13.8,0.3,0.3,0.6,.116,-1.6,1.1,-0.5,0.1,
Deni Avdija,25,POR,SF,8,8,267,18.7,.615,.388,.519,4.3,18.7,10.9,21.3,1.0,2.4,16.4,27.9,0.4,0.3,0.7,.126,2.3,-0.1,2.2,0.3,
Jaime Jaquez Jr.,24,MIA,SF,9,0,266,19.8,.648,.150,.299,5.0,17.6,11.5,23.2,1.2,0.7,12.3,21.5,0.6,0.4,1.0,.183,1.8,1.2,3.1,0.3,
Stephon Castle,21,SAS,PG,8,8,266,17.1,.603,.361,.639,5.1,15.8,10.7,29.8,2.9,1.4,24.3,26.2,0.1,0.5,0.6,.110,-0.5,0.7,0.3,0.2,
Cedric Coward,22,MEM,SG,10,0,265,20.5,.701,.424,.370,5.6,18.2,11.8,16.7,1.8,1.0,9.3,18.4,0.8,0.3,1.1,.200,3.7,0.8,4.5,0.4,
Jamal Murray,28,DEN,PG,8,8,265,21.1,.598,.381,.216,2.7,14.0,8.8,24.8,1.8,1.1,10.0,27.1,0.6,0.4,1.0,.182,3.4,-0.2,3.2,0.3,
Karl-Anthony Towns,30,NYK,C,8,8,265,19.2,.572,.360,.482,9.9,34.4,21.1,14.2,0.9,3.6,14.8,25.1,0.4,0.4,0.8,.142,0.5,0.2,0.7,0.2,
Austin Reaves,27,LAL,SG,7,7,265,26.4,.654,.452,.533,2.0,13.4,8.1,38.2,1.8,0.0,12.6,30.8,1.1,0.2,1.3,.243,6.9,-0.3,6.6,0.6,
Russell Westbrook,37,SAC,SF,9,5,264,18.0,.592,.414,.216,6.7,20.4,13.4,29.9,2.0,0.3,18.2,23.9,0.2,0.2,0.4,.075,3.0,-0.2,2.7,0.3,
Toumani Camara,25,POR,PF,8,8,264,11.1,.538,.553,.188,6.3,11.1,8.5,13.7,1.7,1.4,11.5,15.5,0.2,0.3,0.5,.084,-1.5,0.0,-1.4,0.0,
Jrue Holiday,35,POR,PG,8,8,264,16.5,.582,.509,.152,3.5,13.9,8.3,35.0,1.9,0.7,16.7,21.4,0.4,0.3,0.7,.120,1.9,0.0,1.9,0.3,
Draymond Green,35,GSW,PF,9,9,262,11.5,.616,.633,.217,2.2,22.0,11.9,29.2,1.3,2.1,27.6,14.8,0.1,0.3,0.4,.070,-1.2,1.7,0.5,0.2,
Donovan Mitchell,29,CLE,SG,8,8,262,27.2,.703,.500,.355,0.8,9.1,4.8,28.0,2.3,1.5,12.9,31.4,1.0,0.3,1.3,.232,8.0,0.8,8.8,0.7,
Anfernee Simons,26,BOS,SG,10,0,260,12.1,.550,.590,.098,1.6,6.9,4.2,9.1,1.1,1.2,7.3,22.4,0.2,0.1,0.3,.061,-0.7,-1.6,-2.4,0.0,
Nic Claxton,26,BRK,C,9,9,260,21.6,.641,.047,.488,10.8,18.0,14.1,20.5,1.7,2.8,9.5,18.5,0.8,0.0,0.8,.157,2.7,-0.1,2.6,0.3,
Onyeka Okongwu,25,ATL,C,9,2,259,15.1,.579,.345,.391,7.4,24.1,15.9,10.6,0.9,2.9,8.9,18.1,0.3,0.4,0.7,.127,-0.9,-0.1,-1.0,0.1,
Myles Turner,29,MIL,C,9,9,258,13.7,.557,.595,.179,5.2,20.0,12.7,9.3,1.8,6.2,14.2,17.4,0.0,0.4,0.4,.077,-0.9,1.0,0.1,0.1,
Michael Porter Jr.,27,BRK,SF,8,8,258,18.3,.586,.497,.200,4.0,25.8,14.0,16.4,1.1,0.3,11.7,28.9,0.2,0.0,0.2,.040,3.1,-2.3,0.8,0.2,
Wendell Carter Jr.,26,ORL,C,9,9,257,14.7,.645,.358,.567,12.9,17.6,15.2,6.6,1.3,2.0,16.0,16.1,0.4,0.3,0.8,.140,-0.9,-0.9,-1.8,0.0,
Ausar Thompson,23,DET,SF,9,9,257,16.8,.517,.114,.343,7.5,17.3,12.5,17.0,2.8,2.7,9.0,21.1,0.2,0.5,0.7,.130,-0.6,1.6,1.1,0.2,
Giannis Antetokounmpo,31,MIL,PF,8,8,256,38.7,.674,.080,.506,14.0,29.9,22.1,39.5,1.5,3.1,10.0,36.5,1.5,0.4,1.9,.358,11.5,2.8,14.3,1.1,
Jalen Johnson,24,ATL,SF,8,8,256,21.0,.640,.175,.298,4.6,22.8,13.8,25.4,2.0,0.7,15.1,24.8,0.4,0.4,0.8,.152,2.0,0.9,2.9,0.3,
Aaron Nesmith,26,IND,SF,8,8,256,8.9,.472,.588,.219,5.4,11.1,8.0,5.5,0.6,0.7,5.3,20.7,-0.1,0.2,0.1,.017,-2.2,-2.4,-4.6,-0.2,
Nikola Vučević,35,CHI,C,8,8,255,21.8,.684,.333,.186,9.4,27.1,18.9,15.5,1.1,0.9,12.0,20.6,0.7,0.3,1.0,.196,4.0,0.2,4.2,0.4,
Jaylen Wells,22,MEM,SG,10,10,253,6.6,.434,.568,.211,5.9,11.3,8.6,8.5,0.7,0.0,6.3,18.1,-0.2,0.1,-0.1,-0.021,-4.4,-2.7,-7.1,-0.3,
Alex Sarr,20,WAS,C,9,9,253,23.3,.606,.200,.208,8.0,20.7,14.3,24.1,1.1,7.6,14.5,26.9,0.3,0.1,0.4,.084,3.5,0.5,4.0,0.4,
Gary Trent Jr.,27,MIL,SG,9,9,253,10.2,.538,.725,.187,0.4,7.2,3.9,11.0,1.9,0.0,6.6,17.7,0.1,0.2,0.3,.054,-2.3,-1.1,-3.4,-0.1,
Christian Braun,24,DEN,SG,8,8,253,12.4,.552,.263,.275,6.7,9.8,8.3,13.1,1.3,1.1,10.9,16.9,0.3,0.3,0.6,.112,-1.9,-0.8,-2.7,0.0,
Quentin Grimes,25,PHI,SG,8,0,253,15.7,.619,.525,.434,2.2,13.1,7.6,21.4,1.7,1.4,18.1,23.4,0.3,0.2,0.5,.093,0.3,-0.8,-0.5,0.1,
Deandre Ayton,27,LAL,C,8,8,252,18.3,.657,.000,.172,12.4,18.9,15.9,5.6,0.8,3.9,14.5,21.1,0.4,0.2,0.6,.114,-0.3,-1.4,-1.7,0.0,
A.J. Green,26,MIL,SG,9,9,251,10.9,.755,.922,.172,0.4,9.0,4.8,7.0,0.4,0.4,10.4,13.0,0.5,0.1,0.6,.108,-0.2,-1.7,-1.9,0.0,
Santi Aldama,25,MEM,PF,10,0,250,14.3,.509,.422,.183,7.7,19.8,13.6,13.2,2.1,1.8,9.9,21.6,-0.1,0.3,0.2,.047,-0.6,-0.4,-1.0,0.1,
Stephen Curry,37,GSW,PG,8,8,249,22.8,.626,.592,.283,0.9,12.7,6.7,24.7,2.3,1.8,11.9,33.2,0.5,0.3,0.7,.139,5.4,-0.2,5.2,0.4,
Aaron Wiggins,27,OKC,SG,9,5,248,15.1,.578,.541,.081,4.1,10.0,7.2,12.0,0.8,2.9,7.3,21.6,0.3,0.4,0.7,.132,1.5,-1.2,0.3,0.1,
Kentavious Caldwell-Pope,32,MEM,SG,10,10,247,9.6,.487,.470,.313,1.7,10.2,5.9,19.3,1.3,1.1,12.1,18.0,-0.1,0.2,0.1,.020,-2.6,-1.0,-3.6,-0.1,
Jarace Walker,22,IND,PF,8,5,247,8.5,.431,.465,.152,2.6,19.0,10.1,21.4,0.8,1.5,11.7,19.4,-0.3,0.3,0.0,-0.006,-3.1,-0.5,-3.6,-0.1,
Bub Carrington,20,WAS,PG,9,5,246,4.5,.402,.424,.169,0.8,14.6,7.7,23.3,1.3,0.7,25.8,14.2,-0.5,0.0,-0.5,-0.091,-6.7,-2.0,-8.6,-0.4,
Ryan Kalkbrenner,24,CHO,C,9,9,246,17.8,.812,.021,.146,14.2,14.1,14.1,2.9,1.9,8.4,23.9,11.2,0.4,0.3,0.7,.135,-0.5,1.0,0.5,0.2,
CJ McCollum,34,WAS,SG,9,9,246,9.8,.484,.549,.177,2.5,8.3,5.4,18.2,0.9,0.0,8.3,22.1,-0.1,-0.1,-0.2,-0.036,-2.5,-3.6,-6.1,-0.3,
Harrison Barnes,33,SAS,PF,8,8,246,13.3,.744,.729,.237,3.5,7.4,5.5,11.7,1.4,0.8,16.6,13.5,0.5,0.3,0.8,.160,1.1,0.0,1.1,0.2,
Kyshawn George,22,WAS,SF,8,8,246,15.0,.649,.447,.223,2.1,20.4,11.2,19.9,1.5,3.2,20.7,21.7,0.0,0.1,0.1,.028,-0.6,-0.1,-0.8,0.1,
Jock Landale,30,MEM,C,10,10,245,15.7,.685,.338,.296,10.4,12.6,11.5,9.3,1.3,1.9,13.0,15.6,0.5,0.2,0.7,.136,0.5,-0.4,0.1,0.1,
Terance Mann,29,BRK,SG,9,9,245,14.8,.616,.397,.205,6.8,6.5,6.7,18.8,2.2,0.0,8.1,14.7,0.6,0.0,0.5,.102,-0.2,-0.6,-0.8,0.1,
Svi Mykhailiuk,28,UTA,SF,9,9,244,10.3,.610,.738,.077,3.5,7.5,5.5,9.3,1.4,0.4,9.4,12.4,0.3,0.1,0.3,.063,-1.0,-0.7,-1.7,0.0,
Bam Adebayo,28,MIA,C,8,8,243,17.5,.569,.379,.290,3.6,23.8,14.1,13.4,1.5,0.8,10.3,26.6,0.1,0.4,0.5,.106,0.6,0.5,1.1,0.2,
Anthony Black,22,ORL,PG,9,1,242,11.8,.578,.392,.367,2.7,10.5,6.6,13.8,2.1,2.8,19.3,19.5,-0.1,0.3,0.2,.049,-2.4,0.3,-2.1,0.0,
Jalen Duren,22,DET,C,9,9,241,28.6,.708,.000,.561,17.3,27.0,22.3,9.3,1.6,4.6,13.5,23.9,1.0,0.5,1.5,.296,4.7,0.4,5.1,0.4,
Julian Champagnie,24,SAS,SF,8,8,240,12.1,.577,.721,.344,4.6,19.4,12.3,6.7,2.2,1.2,12.5,14.2,0.2,0.4,0.6,.121,-0.6,0.7,0.1,0.1,
Matas Buzelis,21,CHI,PF,8,8,239,13.5,.606,.415,.202,4.3,13.0,9.0,6.4,1.6,2.7,13.5,20.8,0.1,0.3,0.4,.071,-1.7,-0.5,-2.2,0.0,
Neemias Queta,26,BOS,C,10,10,236,19.5,.657,.035,.368,12.5,25.2,18.7,10.0,1.9,6.0,13.1,13.7,0.6,0.4,1.0,.197,-0.5,1.5,1.1,0.2,
Aaron Gordon,30,DEN,PF,8,8,236,20.9,.705,.423,.402,3.6,15.7,10.1,7.7,1.4,0.4,10.2,22.9,0.7,0.3,1.0,.212,4.1,-0.8,3.2,0.3,
Tre Jones,26,CHI,PG,8,8,235,17.3,.618,.179,.418,3.4,9.4,6.6,24.3,3.4,0.7,14.1,16.5,0.5,0.3,0.8,.164,-0.2,2.2,2.1,0.2,
James Harden,36,LAC,PG,7,7,235,22.9,.669,.588,.441,0.5,16.8,9.0,41.3,1.9,0.4,19.2,28.0,0.7,0.1,0.8,.173,5.0,-1.0,4.0,0.4,
Jerami Grant,31,POR,PF,8,0,234,19.6,.680,.479,.606,2.6,10.4,6.2,10.4,2.2,1.9,10.5,22.4,0.7,0.3,1.0,.198,2.9,0.8,3.7,0.3,
Sam Hauser,28,BOS,PF,10,2,233,9.8,.520,.897,.051,3.6,10.6,7.0,9.0,1.3,1.3,9.1,16.0,0.1,0.2,0.3,.054,-0.4,-1.3,-1.7,0.0,
Tre Johnson,19,WAS,SG,9,1,233,9.8,.565,.516,.129,2.2,10.1,6.1,8.2,0.4,2.3,12.5,19.8,-0.1,-0.1,-0.1,-0.029,-2.2,-3.3,-5.5,-0.2,
Herbert Jones,27,NOP,SF,8,8,233,9.3,.557,.493,.134,3.9,12.7,7.9,10.5,2.1,0.9,16.5,15.4,0.0,0.1,0.0,.008,-3.4,-1.1,-4.5,-0.1,
Jabari Smith Jr.,22,HOU,PF,7,7,232,13.4,.581,.447,.197,3.6,14.2,9.2,6.6,1.5,3.0,7.8,16.0,0.3,0.3,0.6,.130,-0.1,-0.1,-0.2,0.1,
Ivica Zubac,28,LAC,C,8,8,230,20.0,.624,.000,.280,13.0,25.8,19.7,13.4,1.1,3.6,14.8,20.5,0.4,0.2,0.6,.131,0.8,-1.1,-0.3,0.1,
Sion James,23,CHO,SG,9,4,227,12.4,.796,.556,.267,1.5,11.4,6.7,7.7,1.0,1.2,13.7,10.5,0.5,0.1,0.5,.112,-0.1,-0.5,-0.5,0.1,
Cam Thomas,24,BRK,SG,8,8,226,15.2,.546,.341,.424,1.4,4.4,2.7,16.3,0.9,0.4,9.3,31.8,0.2,-0.1,0.0,.005,0.8,-4.4,-3.5,-0.1,
Ryan Dunn,23,PHO,SF,9,8,225,15.4,.577,.473,.122,9.2,16.6,12.8,10.2,2.1,3.7,10.3,16.0,0.3,0.2,0.5,.115,-0.4,0.2,-0.2,0.1,
Collin Gillespie,26,PHO,PG,9,0,223,16.2,.554,.734,.089,3.9,12.7,8.2,30.6,2.4,2.5,14.6,17.9,0.3,0.2,0.5,.117,2.3,0.4,2.7,0.3,
Luguentz Dort,26,OKC,SF,7,7,223,6.4,.428,.667,.185,6.5,10.2,8.4,6.2,1.5,0.0,7.9,12.3,-0.1,0.4,0.3,.063,-4.2,-0.4,-4.7,-0.1,
Jaylon Tyson,23,CLE,SG,9,6,222,12.5,.649,.600,.129,4.3,9.7,6.9,10.2,1.9,2.6,12.9,15.6,0.3,0.3,0.6,.120,-1.2,0.8,-0.4,0.1,
Ben Sheppard,24,IND,SG,8,4,217,8.4,.466,.540,.206,3.8,16.6,9.7,12.7,0.9,0.9,8.0,13.8,0.0,0.2,0.2,.046,-4.1,-0.2,-4.3,-0.1,
Naji Marshall,28,DAL,SF,9,0,214,11.1,.542,.364,.509,2.0,14.8,8.5,14.4,2.2,0.0,10.6,14.9,0.1,0.3,0.4,.093,-4.0,1.2,-2.7,0.0,
Shaedon Sharpe,22,POR,SG,8,8,214,12.3,.485,.422,.244,5.3,16.0,10.2,9.0,3.0,0.8,13.3,31.7,-0.4,0.3,-0.1,-0.020,-3.3,-1.3,-4.7,-0.1,
Noah Clowney,21,BRK,PF,9,3,212,7.9,.512,.712,.318,4.9,14.0,9.0,9.5,0.9,0.0,15.7,17.5,-0.1,-0.1,-0.2,-0.040,-2.7,-3.3,-6.0,-0.2,
Cameron Johnson,29,DEN,SF,8,8,212,6.1,.474,.534,.207,2.3,8.8,5.8,7.9,0.9,0.4,7.3,13.7,0.0,0.2,0.2,.047,-4.4,-1.3,-5.7,-0.2,
Jordan Poole,26,NOP,PG,7,4,212,11.4,.535,.596,.323,1.4,5.0,3.1,18.4,0.5,1.0,11.7,25.5,0.1,-0.1,0.0,-0.001,-0.7,-4.0,-4.7,-0.1,
Collin Sexton,27,CHO,SG,8,6,211,16.0,.648,.329,.488,1.1,8.2,4.8,30.0,1.1,0.0,20.1,24.2,0.4,0.0,0.4,.094,0.1,-2.7,-2.7,0.0,
Domantas Sabonis,29,SAC,C,6,6,208,16.2,.562,.159,.275,12.2,34.2,23.0,16.2,1.6,0.4,17.1,19.0,0.1,0.2,0.3,.080,-0.9,-0.4,-1.3,0.0,
Isaiah Stewart,24,DET,C,9,3,207,17.7,.580,.378,.270,10.4,20.0,15.3,9.5,0.5,9.2,8.8,17.9,0.4,0.4,0.7,.169,0.8,1.2,2.0,0.2,
Naz Reid,26,MIN,C,9,0,206,13.9,.547,.482,.205,6.3,18.5,12.7,10.3,1.6,3.6,12.6,21.6,0.0,0.2,0.3,.065,-1.5,-0.3,-1.8,0.0,
Josh Minott,23,BOS,PF,9,7,205,18.5,.595,.500,.266,11.3,20.8,15.9,8.7,3.1,2.0,7.7,16.0,0.5,0.3,0.8,.192,0.7,1.0,1.7,0.2,
Tari Eason,24,HOU,PF,8,1,205,15.1,.681,.551,.072,4.1,16.1,10.4,11.2,1.9,2.4,20.2,18.0,0.2,0.3,0.5,.115,1.8,0.1,1.9,0.2,
Tre Mann,24,CHO,PG,9,1,202,8.2,.452,.476,.124,4.0,12.9,8.6,19.6,1.9,0.0,14.6,26.3,-0.3,0.1,-0.2,-0.051,-5.0,-2.3,-7.4,-0.3,
Jeremiah Fears,19,NOP,PG,8,6,202,13.0,.514,.313,.167,3.0,10.0,6.2,22.4,2.7,0.0,14.2,25.1,-0.1,0.1,-0.1,-0.015,-2.7,-1.4,-4.1,-0.1,
Luke Kennard,29,ATL,SG,8,0,202,10.0,.670,.533,.289,2.1,6.7,4.4,10.7,1.6,0.5,19.1,13.0,0.1,0.1,0.3,.069,-2.4,-0.7,-3.1,-0.1,
Mark Williams,24,PHO,C,8,5,202,21.4,.611,.000,.448,15.1,29.1,22.0,5.2,2.4,3.2,5.9,17.5,0.5,0.3,0.9,.204,0.7,-0.7,0.0,0.1,
Marcus Smart,31,LAL,SG,7,5,201,9.6,.561,.556,.426,1.9,7.2,4.8,15.3,2.8,1.0,21.0,17.2,0.0,0.2,0.2,.038,-3.4,0.3,-3.2,-0.1,
Kawhi Leonard,34,LAC,SF,6,6,201,25.1,.625,.333,.257,3.0,15.8,9.7,18.7,3.7,2.0,8.6,27.8,0.5,0.2,0.8,.181,4.3,0.6,4.9,0.4,
LaMelo Ball,24,CHO,PG,6,6,200,21.7,.556,.526,.237,5.2,20.6,13.2,47.7,2.4,0.4,14.9,30.3,0.4,0.2,0.6,.145,3.4,-0.5,2.9,0.2,
Ron Holland,20,DET,SF,9,0,199,13.3,.579,.420,.232,4.8,13.0,9.0,13.1,3.4,1.5,17.4,18.9,0.1,0.4,0.4,.107,-2.1,1.9,-0.2,0.1,
D'Angelo Russell,29,DAL,PG,9,2,199,14.2,.512,.479,.394,1.6,12.3,7.0,41.3,0.9,0.8,15.4,27.8,-0.1,0.2,0.1,.031,0.1,-1.7,-1.6,0.0,
Saddiq Bey,26,NOP,SF,8,2,198,14.0,.592,.551,.203,4.5,14.3,9.0,7.3,1.2,0.0,6.2,17.1,0.3,0.0,0.3,.069,1.0,-2.2,-1.2,0.0,
Kevin Huerter,27,CHI,SF,8,0,198,15.2,.593,.474,.256,2.9,14.2,8.9,16.0,1.4,3.6,14.7,21.6,0.1,0.2,0.4,.090,-0.2,0.9,0.7,0.1,
Donovan Clingan,21,POR,C,8,8,197,17.8,.566,.415,.226,18.3,22.9,20.4,9.0,1.6,5.1,7.9,12.6,0.5,0.3,0.8,.186,0.7,0.3,1.0,0.2,
Keldon Johnson,26,SAS,SF,8,0,196,19.0,.693,.279,.361,12.6,11.0,11.7,9.2,1.2,0.0,7.8,16.6,0.7,0.2,0.9,.225,3.1,-0.6,2.4,0.2,
Luka Dončić,26,LAL,PG,5,5,195,32.9,.636,.468,.563,3.3,28.5,16.9,41.5,2.4,1.5,11.3,38.8,0.8,0.3,1.1,.281,10.2,2.3,12.6,0.7,
John Collins,28,LAC,PF,8,0,193,15.0,.629,.268,.296,8.7,14.8,11.9,5.8,2.1,2.1,20.7,22.9,0.0,0.1,0.1,.024,-1.6,-2.1,-3.7,-0.1,
Derrick Jones Jr.,28,LAC,SF,8,8,193,17.1,.776,.593,.167,4.3,7.4,5.9,5.6,1.3,4.3,7.9,14.2,0.5,0.1,0.6,.146,2.3,-0.7,1.6,0.2,
Tobias Harris,33,DET,PF,6,6,193,11.0,.513,.394,.254,2.8,16.6,9.8,11.8,1.2,0.5,9.2,18.4,0.1,0.3,0.4,.090,-2.0,-0.4,-2.5,0.0,
Kel'el Ware,21,MIA,C,9,6,192,16.6,.593,.426,.206,9.2,25.9,17.9,3.4,2.1,4.9,11.9,18.2,0.1,0.4,0.5,.135,-1.0,0.9,-0.1,0.1,
Nikola Jović,22,MIA,PF,9,1,191,10.6,.553,.508,.373,2.3,16.5,9.7,15.5,1.2,1.0,15.9,17.7,0.0,0.3,0.3,.070,-2.7,0.8,-1.9,0.0,
Jusuf Nurkić,31,UTA,C,9,4,191,11.4,.431,.281,.281,9.9,34.5,22.1,21.4,3.5,2.2,25.0,20.5,-0.4,0.4,-0.1,-0.022,-5.6,2.0,-3.6,-0.1,
Kris Dunn,31,LAC,PG,8,2,191,12.2,.646,.395,.140,5.6,8.0,6.9,11.9,3.4,0.5,20.8,13.2,0.1,0.1,0.3,.066,-2.6,0.4,-2.2,0.0,
Jarrett Allen,27,CLE,C,7,7,191,23.1,.641,.043,.514,10.7,23.7,17.0,10.5,3.0,3.0,9.5,20.2,0.5,0.4,0.9,.225,1.9,1.0,2.9,0.2,
Tristan Da Silva,24,ORL,SF,9,0,189,17.5,.646,.547,.213,4.7,10.5,7.6,7.3,2.5,0.4,8.9,19.7,0.4,0.2,0.6,.151,2.8,0.1,2.9,0.2,
Kyle Kuzma,30,MIL,PF,8,1,189,15.4,.627,.286,.343,3.5,17.7,10.7,7.3,1.0,2.4,13.0,20.8,0.2,0.2,0.4,.094,-1.4,-0.9,-2.3,0.0,
Mike Conley,38,MIN,PG,9,4,188,12.6,.631,.610,.317,2.5,8.7,5.7,24.0,1.5,1.5,19.1,13.2,0.4,0.1,0.5,.122,-0.1,0.2,0.1,0.1,
Chet Holmgren,23,OKC,PF,6,6,188,19.9,.681,.426,.500,6.6,23.1,15.2,8.6,1.5,4.9,17.0,23.0,0.3,0.4,0.8,.201,1.3,1.9,3.2,0.2,
Tyrese Martin,26,BRK,SG,9,2,186,9.6,.468,.612,.119,5.0,12.6,8.5,18.3,1.0,0.5,11.3,17.8,0.0,-0.1,-0.1,-0.028,-1.2,-2.8,-4.0,-0.1,
Josh Okogie,27,HOU,SG,8,6,186,15.6,.743,.605,.465,4.5,5.2,4.8,7.9,3.2,0.5,10.4,12.9,0.5,0.2,0.8,.197,1.1,1.7,2.8,0.2,
Isaac Okoro,25,CHI,SG,8,8,185,6.9,.525,.472,.094,5.0,6.5,5.8,8.2,1.3,1.7,15.3,14.8,-0.1,0.1,0.1,.019,-4.8,-0.5,-5.3,-0.2,
Moses Moody,23,GSW,SG,8,2,183,14.6,.625,.712,.288,1.2,13.5,7.2,11.3,1.8,4.0,12.9,19.9,0.2,0.2,0.4,.095,0.7,0.1,0.7,0.1,
Kristaps Porziņģis,30,ATL,C,7,7,183,21.3,.572,.389,.444,8.8,16.5,12.7,19.5,1.3,4.5,7.7,26.6,0.4,0.2,0.6,.169,2.9,0.4,3.3,0.2,
Tim Hardaway Jr.,33,DEN,SG,8,0,182,13.6,.652,.661,.145,2.0,6.2,4.3,7.1,1.1,0.0,2.9,15.9,0.4,0.2,0.6,.153,1.3,-1.1,0.2,0.1,
Jaylin Williams,23,OKC,PF,10,1,181,11.6,.475,.906,.075,3.7,22.9,13.7,14.9,1.9,4.5,11.3,14.8,0.0,0.4,0.4,.114,-1.8,1.8,0.0,0.1,
Moussa Diabaté,24,CHO,C,9,0,181,23.1,.667,.000,.717,21.8,19.1,20.4,4.1,1.0,5.9,7.9,17.1,0.7,0.2,0.8,.218,1.9,-1.4,0.4,0.1,
Patrick Williams,24,CHI,PF,8,0,181,12.0,.588,.620,.280,2.5,12.2,7.7,9.8,2.1,1.8,9.7,14.4,0.2,0.2,0.4,.095,-0.8,0.7,0.0,0.1,
Klay Thompson,35,DAL,SF,9,7,180,6.0,.421,.671,.051,1.2,13.6,7.5,14.5,0.8,1.3,12.0,21.6,-0.5,0.2,-0.3,-0.073,-3.9,-1.5,-5.4,-0.2,
Norman Powell,32,MIA,SG,6,6,179,20.3,.656,.382,.472,1.8,15.3,8.9,11.1,2.0,0.5,13.0,28.6,0.3,0.3,0.6,.157,2.4,0.4,2.8,0.2,
Simone Fontecchio,30,MIA,SF,9,0,178,16.2,.694,.638,.217,3.1,9.7,6.5,9.9,1.3,1.1,10.6,19.7,0.4,0.2,0.6,.149,2.5,0.3,2.7,0.2,
Bobby Portis,30,MIL,PF,9,0,175,9.4,.488,.397,.026,5.7,25.9,16.0,8.4,0.3,0.5,13.2,22.0,-0.2,0.2,-0.1,-0.022,-3.7,-3.0,-6.7,-0.2,
Jarred Vanderbilt,26,LAL,PF,9,2,175,11.2,.549,.242,.424,9.7,21.6,16.1,9.9,3.0,2.2,24.9,12.7,0.0,0.3,0.3,.073,-2.5,1.6,-1.0,0.0,
Malik Monk,27,SAC,SG,7,0,175,20.2,.703,.459,.216,1.3,7.2,4.2,13.2,1.9,2.6,9.0,21.6,0.4,0.1,0.5,.145,4.3,0.2,4.5,0.3,
Cam Spencer,25,MEM,SG,10,1,174,17.2,.667,.762,.270,0.6,13.3,6.8,26.8,2.2,0.0,13.5,19.4,0.4,0.2,0.5,.147,2.9,0.7,3.6,0.2,
Pelle Larsson,24,MIA,SG,9,6,174,15.1,.674,.510,.373,1.9,11.7,7.0,14.8,1.6,0.0,9.2,15.6,0.4,0.2,0.6,.165,-0.4,1.2,0.8,0.1,
Kyle Filipowski,22,UTA,C,9,5,173,9.7,.469,.441,.271,9.7,18.1,13.9,17.6,1.1,1.8,14.3,18.2,0.0,0.1,0.1,.020,-4.1,-0.8,-4.8,-0.1,
Dean Wade,29,CLE,PF,8,1,172,10.0,.531,.795,.308,4.4,13.8,9.0,8.9,1.6,1.7,4.3,11.0,0.2,0.2,0.4,.111,-1.8,0.7,-1.2,0.0,
Buddy Hield,33,GSW,SG,10,0,171,10.5,.578,.672,.094,2.0,6.9,4.4,13.2,1.7,0.0,13.0,19.1,0.0,0.1,0.1,.038,-2.5,-1.6,-4.2,-0.1,
Khris Middleton,34,WAS,SF,7,7,171,11.0,.570,.316,.246,5.9,11.4,8.6,14.4,1.1,0.5,14.8,17.8,0.1,0.0,0.0,.006,-3.2,-2.5,-5.6,-0.2,
Zaccharie Risacher,20,ATL,SF,7,7,171,12.4,.526,.427,.147,3.8,6.7,5.3,6.1,2.2,2.2,4.8,20.5,0.0,0.2,0.2,.059,-2.2,-0.8,-3.0,0.0,
Taurean Prince,31,MIL,SF,8,0,169,7.7,.623,.737,.079,0.0,8.3,4.2,5.7,1.7,1.1,11.3,11.1,0.1,0.1,0.2,.059,-3.1,-0.3,-3.4,-0.1,
Lonzo Ball,28,CLE,PG,7,1,169,7.3,.405,.756,.122,5.1,12.7,8.8,29.8,1.9,0.6,29.4,14.8,-0.2,0.2,0.0,.001,-3.8,-0.4,-4.2,-0.1,
Josh Hart,30,NYK,SF,7,0,169,13.0,.538,.479,.146,7.7,24.9,15.5,19.8,1.2,0.0,17.7,15.1,0.2,0.2,0.3,.089,-0.7,0.1,-0.5,0.1,
Keon Ellis,26,SAC,SG,9,1,168,11.3,.618,.689,.178,2.0,8.9,5.4,4.7,3.6,0.5,7.6,13.3,0.1,0.1,0.3,.075,-2.1,1.8,-0.3,0.1,
Cole Anthony,25,MIL,PG,8,0,167,16.2,.547,.382,.158,3.3,12.9,8.2,34.6,1.7,2.1,13.8,23.9,0.2,0.2,0.4,.105,-0.2,0.3,0.0,0.1,
Reed Sheppard,21,HOU,PG,8,0,167,16.1,.585,.600,.086,2.2,10.2,6.4,23.5,2.4,1.2,12.1,20.5,0.3,0.2,0.5,.151,2.4,0.2,2.6,0.2,
De'Andre Hunter,28,CLE,SF,6,6,167,13.7,.520,.561,.390,3.2,19.0,10.9,14.8,1.4,0.6,10.3,26.1,0.1,0.2,0.3,.074,-1.1,-0.9,-2.0,0.0,
Ace Bailey,19,UTA,SF,9,0,166,5.8,.418,.322,.169,9.5,9.8,9.6,12.7,0.9,0.6,15.9,18.5,-0.2,0.0,-0.2,-0.056,-5.7,-2.9,-8.6,-0.3,
Corey Kispert,26,WAS,SF,9,0,166,13.5,.649,.636,.273,1.2,12.4,6.8,14.9,0.6,0.5,11.5,17.2,0.2,-0.1,0.2,.054,0.1,-2.5,-2.4,0.0,
Peyton Watson,23,DEN,SF,8,0,164,13.3,.587,.273,.545,5.9,13.2,9.8,10.1,2.3,5.8,18.0,12.9,0.1,0.3,0.4,.130,-0.7,2.3,1.6,0.2,
Sandro Mamukelashvili,26,TOR,C,9,0,161,17.1,.696,.400,.340,7.0,14.2,10.6,14.6,0.9,1.7,13.5,17.3,0.4,0.2,0.5,.161,2.1,-0.2,1.9,0.2,
Bruce Brown,29,DEN,SG,8,0,161,10.0,.555,.333,.214,6.7,13.5,10.4,10.6,1.8,1.2,16.4,14.5,0.1,0.2,0.3,.092,-3.1,0.1,-3.0,0.0,
Craig Porter Jr.,25,CLE,PG,9,0,160,13.0,.550,.472,.194,10.7,11.3,11.0,17.3,2.6,1.2,18.7,12.2,0.2,0.2,0.4,.112,-0.8,1.1,0.4,0.1,
Javonte Green,32,DET,SG,9,0,159,9.7,.461,.511,.244,4.0,11.7,7.9,7.1,2.7,1.9,3.9,13.3,0.1,0.3,0.3,.095,-2.7,1.5,-1.2,0.0,
Zion Williamson,25,NOP,PF,5,5,157,22.3,.553,.000,.731,10.2,13.6,11.7,27.2,3.1,0.7,14.2,32.3,0.1,0.1,0.2,.070,2.2,-1.2,1.0,0.1,
Kris Murray,25,POR,SF,7,0,156,8.5,.563,.375,.125,4.6,8.6,6.4,5.9,2.7,1.2,15.1,10.0,0.0,0.2,0.2,.066,-3.7,1.7,-2.0,0.0,
Goga Bitadze,26,ORL,C,9,0,155,19.0,.747,.167,.467,10.7,24.2,17.4,11.9,0.9,5.4,10.0,10.7,0.4,0.2,0.7,.213,1.4,1.6,3.0,0.2,
Egor Demin,19,BRK,PG,8,1,155,9.1,.492,.818,.091,2.7,15.9,8.7,22.8,2.5,1.2,20.8,15.5,-0.1,0.0,-0.1,-0.017,-2.9,-0.4,-3.3,-0.1,
Steven Adams,32,HOU,C,7,2,155,19.0,.665,.000,.600,25.5,22.0,23.6,9.1,2.2,2.6,20.2,10.6,0.4,0.3,0.7,.213,2.0,-0.1,1.9,0.2,
Oso Ighodaro,23,PHO,PF,9,4,154,3.5,.469,.000,.216,2.1,19.8,10.8,9.5,0.6,3.0,24.3,14.4,-0.3,0.1,-0.2,-0.052,-9.3,-0.4,-9.7,-0.3,
Walker Kessler,24,UTA,C,5,5,154,21.3,.786,.216,.541,15.7,21.8,18.7,15.8,2.2,6.0,25.9,16.4,0.3,0.2,0.5,.160,1.1,1.7,2.7,0.2,
Quinten Post,25,GSW,PF,10,5,152,13.5,.622,.667,.000,6.7,22.4,14.4,8.7,1.3,4.2,13.5,14.6,0.1,0.2,0.3,.096,-0.2,0.6,0.5,0.1,
Dru Smith,28,MIA,SG,9,0,151,13.8,.558,.488,.000,3.6,4.7,4.2,26.3,4.2,1.2,17.3,14.3,0.1,0.3,0.4,.127,-1.2,3.7,2.6,0.2,
Ayo Dosunmu,26,CHI,SG,6,0,151,18.6,.691,.414,.224,2.3,8.0,5.3,18.1,0.9,0.0,5.9,18.8,0.5,0.1,0.6,.184,2.7,-0.4,2.2,0.2,
Larry Nance Jr.,33,CLE,PF,9,1,150,6.4,.416,.458,.063,6.4,18.1,12.1,11.5,1.3,1.3,9.2,14.8,-0.1,0.2,0.1,.030,-6.5,-0.4,-6.9,-0.2,
Jamal Shead,23,TOR,PG,9,0,150,15.2,.583,.537,.341,3.0,8.7,5.9,37.9,1.9,0.0,16.0,15.7,0.4,0.1,0.5,.161,0.5,-0.4,0.2,0.1,
Derik Queen,21,NOP,C,8,0,149,15.5,.546,.061,.571,8.7,24.6,16.0,10.7,3.3,2.8,16.4,20.8,0.0,0.2,0.2,.057,-3.8,0.6,-3.2,0.0,
Anthony Davis,32,DAL,PF,5,5,149,23.6,.587,.147,.413,12.0,23.3,17.7,14.0,2.5,3.2,11.0,28.4,0.2,0.3,0.5,.156,2.7,1.1,3.8,0.2,
Walter Clayton,22,UTA,PG,9,0,148,12.3,.575,.488,.209,4.3,12.4,8.3,30.9,1.6,0.7,20.4,16.3,0.1,0.1,0.2,.070,-2.1,-0.1,-2.3,0.0,
Taylor Hendricks,22,UTA,PF,9,3,148,9.9,.460,.425,.200,11.4,16.1,13.7,4.0,1.3,2.1,10.3,13.4,0.0,0.1,0.1,.027,-2.8,-2.2,-5.1,-0.1,
Sam Merrill,29,CLE,SG,6,4,148,19.7,.853,.865,.212,2.2,5.4,3.7,10.2,1.3,0.7,9.5,17.3,0.6,0.1,0.7,.225,5.4,-0.1,5.3,0.3,
Day'Ron Sharpe,24,BRK,C,9,0,147,15.2,.659,.265,.618,14.1,22.7,18.0,16.4,2.6,3.1,31.6,17.9,0.0,0.1,0.1,.032,-2.5,0.3,-2.3,0.0,
Dalton Knecht,24,LAL,SF,8,1,147,7.3,.508,.571,.102,1.8,8.3,5.3,4.5,1.3,2.6,10.5,16.6,-0.1,0.1,0.0,-0.003,-3.8,-1.4,-5.2,-0.1,
Collin Murray-Boyles,20,TOR,PF,7,3,146,11.1,.536,.314,.137,10.0,8.2,9.1,8.2,1.9,1.9,14.3,18.1,0.0,0.2,0.2,.050,-2.0,-1.1,-3.1,0.0,
Miles McBride,25,NYK,SG,6,1,146,14.3,.573,.646,.125,5.5,8.2,6.7,15.9,2.0,0.7,5.6,15.1,0.3,0.1,0.5,.149,0.9,0.7,1.5,0.1,
Drew Eubanks,28,SAC,C,9,3,144,12.3,.607,.026,.462,3.8,15.9,9.8,2.0,2.0,6.9,19.0,17.1,-0.1,0.2,0.0,.011,-4.4,0.4,-3.9,-0.1,
Isaiah Jackson,24,IND,C,8,7,144,14.4,.600,.000,.378,12.2,21.2,16.3,7.7,1.0,1.9,16.0,17.4,0.2,0.2,0.3,.112,-4.0,-0.6,-4.6,-0.1,
Gradey Dick,22,TOR,SG,9,0,143,14.5,.610,.580,.520,3.1,12.1,7.7,1.8,1.3,0.0,1.6,18.3,0.3,0.1,0.4,.139,0.6,-1.6,-1.0,0.0,
Mouhamed Gueye,23,ATL,PF,9,1,143,12.5,.563,.500,.205,9.0,18.2,13.7,8.0,0.3,4.5,11.1,15.8,0.1,0.2,0.2,.079,-1.9,-0.5,-2.4,0.0,
Landry Shamet,28,NYK,SG,8,2,142,10.3,.606,.805,.244,2.8,11.0,6.5,3.7,1.0,0.8,9.9,14.6,0.2,0.1,0.3,.085,-0.7,-1.1,-1.9,0.0,
RayJ Dennis,24,IND,PG,7,0,141,6.7,.401,.517,.121,3.9,7.0,5.3,24.2,1.0,2.7,12.8,20.0,-0.2,0.1,-0.1,-0.033,-4.3,-1.3,-5.6,-0.1,
Ziaire Williams,24,BRK,SF,7,0,140,12.6,.572,.750,.288,5.9,8.8,7.3,4.3,2.1,1.9,7.9,18.9,0.2,0.0,0.2,.051,-0.9,-1.9,-2.8,0.0,
Dylan Harper,19,SAS,SG,6,0,140,17.2,.584,.219,.281,4.4,15.4,10.1,26.3,1.4,0.0,13.3,25.2,0.3,0.2,0.4,.153,-0.4,0.0,-0.4,0.1,
Trae Young,27,ATL,PG,5,5,139,17.1,.511,.371,.557,0.0,7.5,3.8,41.9,1.4,0.7,10.3,29.2,0.1,0.1,0.2,.086,0.9,-1.9,-1.0,0.0,
Jalen Suggs,24,ORL,PG,7,7,137,18.9,.715,.592,.224,3.2,14.5,8.9,34.9,4.1,0.6,27.1,22.3,0.2,0.2,0.4,.154,0.8,1.6,2.4,0.2,
Jakob Poeltl,30,TOR,C,6,6,137,11.6,.622,.000,.273,13.1,19.0,16.1,9.7,0.7,2.0,21.3,14.4,0.1,0.2,0.3,.092,-3.8,-0.6,-4.4,-0.1,
Will Richard,23,GSW,SG,8,1,136,21.6,.758,.568,.318,8.3,8.6,8.5,15.2,3.2,0.0,9.1,17.3,0.5,0.1,0.6,.229,3.8,1.1,5.0,0.2,
Adem Bona,22,PHI,C,8,3,135,8.1,.470,.063,.750,9.8,11.9,10.8,2.7,1.4,8.8,24.8,8.6,-0.1,0.1,0.1,.029,-5.1,0.8,-4.4,-0.1,
Jalen Wilson,25,BRK,PF,8,0,135,9.1,.655,.703,.351,0.0,6.4,2.9,7.6,0.4,0.0,12.3,15.0,0.1,-0.1,0.1,.018,-1.2,-3.2,-4.4,-0.1,
Al Horford,39,GSW,C,6,0,132,3.4,.365,.649,.000,5.1,18.7,11.8,8.1,1.5,2.1,19.6,14.9,-0.3,0.1,-0.2,-0.073,-7.2,-0.8,-8.0,-0.2,
Anthony Edwards,24,MIN,SG,5,5,132,26.3,.659,.442,.314,4.5,11.6,8.2,16.4,1.1,2.1,11.7,36.2,0.3,0.1,0.4,.154,7.9,-2.0,6.0,0.3,
Brook Lopez,37,LAC,C,8,0,130,9.0,.502,.736,.075,3.7,16.9,10.6,2.3,1.5,4.8,12.7,21.1,-0.2,0.1,-0.1,-0.035,-3.8,-2.3,-6.0,-0.1,
Marvin Bagley III,26,WAS,PF,9,0,128,19.5,.695,.132,.395,14.2,17.6,15.9,14.2,1.1,2.1,11.9,16.2,0.4,0.0,0.4,.151,0.6,-1.1,-0.4,0.0,
Jordan Clarkson,33,NYK,SG,8,0,128,11.7,.556,.525,.186,3.1,5.6,4.3,11.6,0.4,1.7,11.1,23.1,0.1,0.1,0.1,.056,-0.8,-2.3,-3.1,0.0,
Alex Caruso,31,OKC,SG,6,0,128,12.6,.503,.697,.121,0.9,8.1,4.6,15.9,4.2,2.4,7.9,12.8,0.1,0.3,0.4,.139,-2.0,3.3,1.2,0.1,
Jose Alvarado,27,NOP,PG,7,0,127,14.4,.609,.694,.111,2.4,15.8,8.5,16.8,2.7,0.0,9.6,13.9,0.2,0.1,0.3,.096,-0.4,0.6,0.2,0.1,
Isaiah Joe,26,OKC,SG,5,0,126,18.5,.677,.804,.214,3.6,13.1,8.5,6.0,1.2,0.0,7.5,22.7,0.3,0.2,0.5,.192,2.8,-2.2,0.5,0.1,
Cam Whitmore,21,WAS,SF,9,0,124,9.1,.468,.311,.115,4.1,12.4,8.2,6.2,3.0,0.7,13.5,24.5,-0.3,0.0,-0.3,-0.109,-5.4,-2.0,-7.4,-0.2,
Tyus Jones,29,ORL,PG,9,1,121,4.7,.385,.577,.000,2.7,5.5,4.1,11.8,1.6,1.4,13.3,10.3,-0.1,0.1,0.0,.003,-5.0,0.3,-4.7,-0.1,
Jalen Smith,25,CHI,C,8,0,120,16.3,.582,.537,.296,14.3,20.1,17.4,8.4,0.8,1.3,12.8,24.5,0.1,0.1,0.2,.093,-0.5,-2.2,-2.6,0.0,
Luka Garza,27,BOS,C,9,0,117,14.3,.570,.438,.406,14.4,10.6,12.6,7.9,1.3,5.2,9.6,15.1,0.3,0.1,0.4,.151,-3.2,-0.1,-3.3,0.0,
Nicolas Batum,37,LAC,PF,8,2,117,5.1,.360,.920,.000,5.1,14.1,9.8,7.8,2.1,2.6,10.7,10.4,-0.1,0.1,0.0,-0.011,-5.2,-0.5,-5.7,-0.1,
Jaylen Clark,24,MIN,SG,7,0,117,10.8,.509,.345,.345,9.1,7.5,8.2,8.8,2.9,0.8,5.6,13.0,0.1,0.1,0.2,.095,-3.3,0.9,-2.4,0.0,
Andre Drummond,32,PHI,C,7,0,117,20.7,.624,.214,.393,17.9,33.2,25.5,4.6,2.4,5.5,5.7,12.2,0.3,0.2,0.5,.215,1.4,0.4,1.8,0.1,
Yves Missi,21,NOP,C,5,4,116,15.7,.671,.000,.727,14.6,16.3,15.4,9.3,0.4,5.4,21.6,13.5,0.2,0.0,0.2,.081,-1.1,-1.7,-2.9,0.0,
Jay Huff,27,IND,C,8,1,115,11.8,.531,.722,.167,4.8,10.4,7.4,7.8,0.4,9.8,9.4,14.9,0.0,0.2,0.2,.084,-2.7,1.3,-1.4,0.0,
Terrence Shannon Jr.,25,MIN,SG,7,0,115,4.8,.434,.393,.250,3.1,13.3,8.4,8.6,1.7,0.0,16.2,13.9,-0.1,0.1,0.0,-0.019,-5.7,-0.7,-6.5,-0.1,
Caris LeVert,31,DET,SG,6,0,115,7.3,.491,.472,.361,0.9,7.2,4.1,14.7,2.1,0.0,17.7,18.0,-0.1,0.1,0.0,.009,-5.0,-1.1,-6.2,-0.1,
Joel Embiid,31,PHI,C,5,5,114,20.8,.540,.338,.366,6.8,20.1,13.3,22.6,2.1,6.4,14.5,34.8,0.0,0.2,0.2,.072,1.2,1.0,2.2,0.1,
Jabari Walker,23,PHI,SF,8,5,111,6.7,.424,.222,.111,12.9,13.4,13.2,1.1,0.9,2.5,9.6,11.6,0.0,0.1,0.0,.021,-5.9,-2.2,-8.1,-0.2,
Ochai Agbaji,25,TOR,SG,8,0,110,5.6,.436,.458,.333,2.0,14.8,8.5,6.6,2.1,0.8,9.8,11.6,-0.1,0.1,0.1,.024,-6.0,0.3,-5.8,-0.1,
Hugo González,19,BOS,SF,8,1,110,8.1,.473,.308,.038,6.7,11.2,8.9,7.0,2.7,0.9,10.2,11.3,0.0,0.1,0.1,.059,-5.0,0.5,-4.5,-0.1,
Jaxson Hayes,25,LAL,C,6,1,110,15.7,.748,.048,.333,8.3,20.2,14.7,13.4,0.9,2.7,11.1,10.5,0.3,0.1,0.4,.172,1.1,0.8,1.9,0.1,
Nique Clifford,23,SAC,SG,5,2,108,7.3,.425,.440,.080,5.1,13.8,9.4,11.6,1.3,2.5,7.2,10.9,0.0,0.1,0.0,.016,-3.8,-0.2,-4.0,-0.1,
Brice Sensabaugh,22,UTA,SF,8,0,107,11.2,.534,.673,.245,0.0,16.2,8.0,12.3,1.3,1.0,8.4,22.6,0.0,0.1,0.1,.047,-3.0,-1.7,-4.7,-0.1,
John Konchar,29,MEM,SG,8,0,106,13.4,.745,.647,.059,1.0,20.7,10.7,9.0,3.1,3.4,14.7,8.0,0.1,0.2,0.3,.127,-0.6,3.3,2.7,0.1,
Brandon Williams,26,DAL,PG,7,0,106,12.6,.554,.279,.349,1.0,9.6,5.4,17.8,4.4,0.7,19.5,24.6,-0.2,0.2,0.0,.011,-5.6,2.6,-2.9,0.0,
Chris Paul,40,LAC,PG,8,0,103,10.4,.354,.760,.040,5.8,9.6,7.8,36.8,4.3,0.0,21.6,13.7,0.0,0.1,0.1,.039,-3.4,1.2,-2.3,0.0,
Jordan Hawkins,23,NOP,SG,7,0,101,4.9,.361,.514,.108,4.0,10.5,7.0,7.3,1.0,0.0,2.5,16.6,-0.1,0.0,-0.2,-0.074,-5.2,-3.1,-8.3,-0.2,
Bradley Beal,32,LAC,SG,5,5,101,2.6,.444,.385,.154,2.4,3.3,2.8,10.1,1.0,0.0,16.1,21.4,-0.2,0.0,-0.3,-0.120,-8.7,-5.0,-13.7,-0.3,
Quenton Jackson,27,IND,PG,5,3,101,21.2,.657,.324,.486,4.6,13.0,8.4,29.9,2.3,0.9,11.8,20.2,0.3,0.1,0.4,.202,2.8,2.1,4.9,0.2,
Javon Small,23,MEM,PG,8,0,99,8.7,.525,.679,.357,1.1,7.8,4.4,30.7,0.0,0.9,19.8,16.9,0.0,0.0,0.0,.018,-2.0,-2.8,-4.8,-0.1,
Jonas Valančiūnas,33,DEN,C,8,0,99,24.3,.633,.098,.333,14.6,27.1,21.3,12.5,0.5,4.8,12.0,28.5,0.3,0.2,0.4,.213,1.4,-0.4,1.0,0.1,
Tony Bradley,28,IND,C,8,0,98,17.3,.673,.042,.542,16.0,11.1,13.8,4.9,1.0,1.9,6.3,13.0,0.3,0.1,0.4,.188,-0.7,-0.8,-1.6,0.0,
Keaton Wallace,26,ATL,PG,8,0,98,14.6,.694,.591,.182,1.1,13.8,7.5,29.2,1.9,1.9,20.2,12.7,0.2,0.1,0.3,.138,0.1,1.7,1.8,0.1,
Blake Wesley,22,POR,SG,6,0,98,12.4,.469,.294,.294,2.1,14.9,8.0,27.2,4.7,0.9,15.4,18.2,0.0,0.2,0.1,.071,-4.3,3.7,-0.6,0.0,
Trendon Watford,25,PHI,PF,5,0,97,16.4,.691,.192,.385,6.8,16.5,11.6,26.8,1.0,0.9,20.8,16.3,0.3,0.1,0.3,.158,0.4,0.7,1.1,0.1,
Bilal Coulibaly,21,WAS,SG,4,4,95,10.5,.480,.447,.342,4.3,16.2,10.2,19.3,1.9,3.7,18.6,23.2,-0.2,0.0,-0.1,-0.064,-3.3,-0.5,-3.8,0.0,
Bones Hyland,25,MIN,PG,9,0,94,12.9,.637,.656,.125,1.3,9.3,5.4,22.2,2.1,0.0,19.2,19.1,0.1,0.1,0.2,.084,-1.1,-0.2,-1.3,0.0,
Ben Saraf,19,BRK,SG,6,5,94,1.7,.356,.500,.308,2.2,13.1,7.2,22.9,1.0,0.0,23.4,17.1,-0.2,0.0,-0.3,-0.139,-7.8,-3.2,-11.0,-0.2,
Tyrese Proctor,21,CLE,PG,8,0,92,7.8,.512,.656,.156,2.3,7.4,4.8,14.8,2.0,0.0,14.9,17.8,0.0,0.1,0.1,.030,-5.2,-0.8,-5.9,-0.1,
Bogdan Bogdanović,33,LAC,SG,4,2,91,5.7,.438,.680,.320,2.6,16.9,10.1,14.7,1.1,1.1,19.7,17.0,-0.1,0.0,-0.1,-0.051,-4.7,-1.4,-6.1,-0.1,
Dillon Brooks,30,PHO,SF,3,3,91,12.5,.474,.525,.085,4.8,7.5,6.1,12.4,4.2,2.0,10.3,31.1,-0.1,0.1,0.0,-0.020,-2.5,-0.3,-2.8,0.0,
Amir Coffey,28,MIL,SG,9,0,90,7.6,.559,.462,.231,3.7,9.6,6.7,9.0,0.0,1.0,6.5,7.2,0.1,0.0,0.1,.073,-2.3,-1.7,-4.0,0.0,
Rob Dillingham,21,MIN,PG,7,0,88,8.0,.462,.189,.189,0.0,7.4,3.9,27.3,2.7,0.0,20.0,24.5,-0.2,0.1,-0.1,-0.059,-8.0,-1.9,-9.9,-0.2,
Jaden Hardy,23,DAL,SG,8,0,87,8.5,.499,.667,.212,1.2,10.6,5.9,6.9,2.1,0.9,10.0,19.5,-0.1,0.1,0.0,.012,-3.9,0.6,-3.2,0.0,
Dwight Powell,34,DAL,C,8,0,86,11.6,.758,.000,1.889,9.8,13.1,11.4,9.5,1.1,1.8,23.3,10.6,0.2,0.1,0.3,.169,-4.6,1.1,-3.4,0.0,
Justin Edwards,22,PHI,SF,7,1,85,5.4,.500,.690,.000,2.6,9.4,6.0,6.2,0.6,1.1,6.5,15.0,0.0,0.0,0.0,.018,-5.2,-2.4,-7.6,-0.1,
Vince Williams Jr.,25,MEM,SG,5,0,84,12.0,.573,.667,.296,2.5,15.7,9.0,20.6,2.8,1.1,18.7,18.5,0.0,0.1,0.1,.069,-2.8,2.3,-0.5,0.0,
Nick Richards,28,PHO,C,9,0,83,14.3,.623,.000,.462,13.2,21.8,17.4,5.2,1.2,3.3,22.3,20.1,0.0,0.1,0.1,.069,-4.8,-1.9,-6.7,-0.1,
Liam McNeeley,20,CHO,SF,7,0,83,8.8,.547,.667,.611,4.2,13.0,8.8,13.7,1.1,0.0,14.9,13.3,0.1,0.0,0.1,.061,-2.5,-1.0,-3.6,0.0,
Tidjane Salaün,20,CHO,PF,7,0,83,9.5,.508,.632,.316,7.0,26.1,16.9,7.7,1.1,1.1,12.2,12.2,0.0,0.1,0.1,.055,-3.1,-1.1,-4.2,0.0,
Clint Capela,31,HOU,C,8,0,82,25.7,.748,.000,.588,29.2,24.7,26.8,6.7,1.2,7.2,12.3,12.3,0.4,0.1,0.5,.297,4.0,-0.1,3.9,0.1,
Jordan Goodwin,27,PHO,PG,6,0,82,5.5,.460,.680,.200,5.3,12.4,8.8,11.2,3.5,1.1,26.9,18.8,-0.2,0.1,-0.1,-0.065,-7.4,-0.4,-7.8,-0.1,
Obi Toppin,27,IND,PF,3,0,82,12.1,.526,.472,.250,3.4,22.6,12.2,10.0,1.7,0.0,13.1,22.5,0.0,0.1,0.1,.036,-2.6,-0.5,-3.1,0.0,
Vit Krejci,25,ATL,PG,5,0,81,8.5,.553,.708,.125,4.0,10.3,7.2,10.1,1.2,0.0,10.6,14.6,0.0,0.1,0.1,.052,-3.2,-0.2,-3.4,0.0,
Nigel Hayes-Davis,31,PHO,SF,9,0,80,7.1,.531,.375,.000,6.8,8.5,7.6,6.6,2.4,0.0,20.0,10.4,0.0,0.0,0.0,.021,-4.5,-0.6,-5.2,-0.1,
Daniel Gafford,27,DAL,C,4,4,79,21.4,.761,.000,.286,10.6,11.6,11.1,8.4,2.4,5.0,7.8,13.8,0.3,0.1,0.4,.248,1.2,2.6,3.8,0.1,
Gary Payton II,33,GSW,SG,9,0,76,10.0,.525,.400,.000,7.4,20.1,13.6,15.1,1.9,2.4,20.0,14.0,0.0,0.1,0.1,.050,-4.6,0.8,-3.8,0.0,
Justin Champagnie,24,WAS,SF,8,2,76,16.7,.524,.429,.619,21.3,16.2,18.8,6.9,1.8,0.0,7.0,15.5,0.2,0.0,0.2,.115,0.5,-3.6,-3.0,0.0,
Jordan McLaughlin,29,SAS,PG,8,0,74,15.4,.553,.625,.125,5.0,4.6,4.8,18.8,4.6,0.0,7.3,15.7,0.1,0.1,0.3,.183,-0.6,3.1,2.6,0.1,
Ousmane Dieng,22,OKC,C,7,0,74,3.5,.318,.556,.111,3.0,18.2,10.9,6.6,0.0,6.9,9.6,12.2,-0.1,0.1,0.0,.003,-6.7,0.1,-6.7,-0.1,
Bennedict Mathurin,23,IND,SF,2,2,73,24.6,.730,.323,.839,3.8,16.4,9.6,12.2,0.0,0.0,10.5,26.1,0.3,0.1,0.4,.251,7.0,-0.5,6.5,0.1,
Caleb Martin,30,DAL,SF,8,0,72,3.5,.381,.357,.286,5.8,9.9,7.9,7.6,1.9,1.1,16.0,11.0,-0.1,0.1,0.0,.003,-7.9,0.2,-7.7,-0.1,
Gabe Vincent,29,LAL,PG,3,3,72,3.7,.384,.769,.231,1.8,3.1,2.5,11.4,2.0,0.0,12.3,9.7,0.0,0.0,0.0,-0.002,-4.9,0.1,-4.8,-0.1,
Bronny James,21,LAL,SG,6,0,71,4.2,.302,.286,.143,3.7,4.7,4.2,18.2,3.4,1.4,21.2,11.4,-0.1,0.1,0.0,-0.023,-6.1,0.8,-5.4,-0.1,
Baylor Scheierman,25,BOS,SG,8,0,70,13.9,.804,.833,.083,4.5,24.1,14.0,3.7,2.1,0.0,7.4,8.1,0.2,0.1,0.3,.177,-0.5,1.6,1.0,0.1,
Guerschon Yabusele,30,NYK,C,7,0,69,5.7,.371,.722,.111,16.0,13.9,15.1,1.8,0.7,1.6,9.6,12.4,0.0,0.1,0.0,.022,-5.4,-2.8,-8.2,-0.1,
Trayce Jackson-Davis,25,GSW,C,6,0,69,17.2,.550,.000,.286,11.4,11.9,11.7,19.1,2.1,4.0,4.1,15.2,0.2,0.1,0.3,.184,-0.3,1.1,0.7,0.0,
Jordan Walsh,21,BOS,PF,6,0,67,12.1,.559,.471,.000,11.0,16.8,13.8,4.0,2.2,1.5,10.5,12.0,0.1,0.1,0.2,.109,-2.2,-1.1,-3.4,0.0,
Pat Spencer,29,GSW,PG,6,0,66,10.7,.441,.250,.214,5.1,16.0,10.5,24.6,2.2,0.0,11.5,22.4,0.0,0.1,0.0,.012,-4.8,-1.1,-5.9,-0.1,
Ja'Kobe Walter,21,TOR,SG,6,0,65,5.0,.494,.857,.357,5.2,10.0,7.6,7.3,2.2,1.4,23.6,13.7,-0.1,0.1,0.0,.006,-6.3,-0.2,-6.4,-0.1,
Jonathan Isaac,28,ORL,PF,8,0,64,9.3,.482,.667,.400,3.5,22.4,12.9,2.1,2.2,5.2,14.5,13.4,-0.1,0.1,0.0,.037,-4.6,0.9,-3.6,0.0,
Chris Boucher,33,BOS,PF,6,0,64,7.1,.377,.526,.105,1.6,15.8,8.5,4.0,3.1,8.0,4.8,13.8,-0.1,0.1,0.0,.023,-7.0,2.7,-4.2,0.0,
Nick Smith Jr.,21,LAL,SG,4,0,64,13.2,.636,.444,.111,0.0,8.7,4.7,23.2,0.7,1.5,22.0,24.3,0.0,0.0,0.0,.017,0.8,-2.8,-2.0,0.0,
Elijah Harkless,25,UTA,SG,5,0,62,4.5,.492,.636,.455,3.4,7.0,5.2,9.0,2.3,0.0,18.5,10.7,0.0,0.0,0.0,.002,-6.9,0.7,-6.1,-0.1,
Will Riley,19,WAS,SF,8,0,61,9.9,.458,.235,.353,3.3,18.5,10.9,15.5,1.5,0.0,9.2,14.5,0.0,0.0,0.0,-0.010,-3.2,-1.7,-4.9,0.0,
Paul Reed,26,DET,C,7,0,61,18.7,.640,.143,.095,17.6,13.6,15.5,9.7,3.9,4.9,21.5,18.7,0.0,0.1,0.2,.143,-0.9,2.3,1.4,0.1,
Xavier Tillman Sr.,27,BOS,C,7,0,61,15.8,.556,.444,.000,12.1,18.4,15.2,9.0,2.4,1.7,5.3,13.2,0.1,0.1,0.2,.158,0.3,0.8,1.1,0.0,
Tyler Kolek,24,NYK,PG,8,0,60,5.0,.457,.565,.000,3.4,6.0,4.6,23.2,0.8,0.0,20.7,19.9,-0.1,0.0,-0.1,-0.042,-5.6,-1.9,-7.5,-0.1,
Taelon Peter,23,IND,SG,6,0,58,5.3,.487,.909,.273,3.2,7.5,5.2,13.9,0.8,1.6,24.5,11.3,0.0,0.0,0.0,.003,-4.6,-0.6,-5.2,0.0,
Gui Santos,23,GSW,PF,9,0,56,5.7,.543,.750,.167,12.1,10.5,11.3,4.8,2.6,0.0,28.0,13.6,0.0,0.1,0.0,.003,-6.2,-1.2,-7.4,-0.1,
Jamison Battle,24,TOR,SF,7,0,54,22.1,1.000,.778,.000,2.1,12.1,7.1,2.8,1.7,1.7,14.3,16.3,0.1,0.1,0.2,.175,8.1,1.1,9.2,0.2,
Maxime Raynaud,22,SAC,C,4,0,54,9.2,.397,.133,.400,12.3,25.5,18.8,6.9,1.7,1.7,14.5,16.2,-0.1,0.0,0.0,-0.016,-4.5,-1.9,-6.5,-0.1,
Darius Garland,26,CLE,PG,2,2,54,12.0,.502,.593,.074,4.0,4.2,4.1,35.4,0.9,0.0,15.2,24.8,0.0,0.0,0.0,.042,-1.7,-4.5,-6.2,-0.1,
Brooks Barnhizer,23,OKC,SG,8,0,53,4.9,.500,.000,.000,4.2,17.6,11.2,2.4,0.9,0.0,11.1,7.3,0.0,0.1,0.1,.079,-5.9,0.2,-5.6,0.0,
Dereck Lively II,21,DAL,C,3,3,51,16.8,.743,.000,.444,8.2,22.0,15.2,27.1,1.8,6.2,31.7,13.1,0.1,0.1,0.2,.161,-2.0,4.3,2.3,0.1,
Cam Christie,20,LAC,SG,5,0,50,21.8,.679,.500,.611,4.8,13.2,9.2,12.4,1.0,0.0,4.2,20.8,0.2,0.0,0.2,.196,6.0,-1.3,4.6,0.1,
Dominick Barlow,22,PHI,PF,2,2,50,12.2,.593,.400,.600,13.3,13.7,13.5,12.7,0.0,1.8,19.2,12.9,0.1,0.0,0.1,.096,-1.0,-1.0,-1.9,0.0,
Luke Kornet,30,SAS,C,2,0,50,20.3,.581,.000,.333,24.6,13.6,18.9,19.6,0.0,5.6,6.8,12.5,0.2,0.1,0.3,.241,3.5,1.1,4.5,0.1,
Olivier-Maxence Prosper,23,MEM,PF,7,0,49,20.6,.766,.231,.923,10.9,20.2,15.5,3.1,1.0,0.0,14.1,18.0,0.2,0.0,0.2,.213,1.9,-1.8,0.0,0.0,
Matisse Thybulle,28,POR,SG,4,0,49,21.1,.850,.600,.400,0.0,10.0,4.6,8.3,9.4,0.0,7.8,10.2,0.1,0.1,0.3,.278,0.1,10.5,10.7,0.2,
Kyle Anderson,32,UTA,SF,3,0,49,12.5,.523,.000,.412,6.4,8.8,7.6,29.5,1.0,0.0,13.0,19.2,0.0,0.0,0.1,.058,-1.9,-0.6,-2.6,0.0,
Mitchell Robinson,27,NYK,C,3,3,49,24.2,.524,.000,.091,39.0,17.1,29.0,10.9,1.0,10.9,14.9,11.3,0.2,0.1,0.2,.242,3.3,-1.8,1.6,0.0,
Cody Williams,21,UTA,SG,5,0,48,6.5,.571,.429,.143,2.2,9.0,5.6,6.5,1.0,2.1,16.8,15.2,0.0,0.0,0.0,-0.009,-5.0,-1.5,-6.5,-0.1,
Kevin Love,37,UTA,PF,4,0,48,10.8,.477,.875,1.000,8.8,27.0,17.8,30.8,0.0,0.0,25.8,13.2,0.0,0.0,0.0,.048,-1.9,0.9,-0.9,0.0,
Daniss Jenkins,24,DET,PG,5,0,47,10.6,.543,.308,.462,0.0,2.2,1.1,16.8,5.1,0.0,20.4,17.1,0.0,0.1,0.1,.054,-3.7,3.3,-0.5,0.0,
Ariel Hukporti,23,NYK,C,5,2,46,10.2,.429,.000,.000,15.3,20.9,17.8,13.5,1.1,2.3,22.2,8.0,0.0,0.0,0.1,.091,-2.7,0.5,-2.2,0.0,
Kevon Looney,29,NOP,C,3,2,46,8.6,.370,.214,.143,10.8,20.6,15.3,19.4,0.0,6.8,16.8,16.4,-0.1,0.0,-0.1,-0.053,-6.3,-0.8,-7.1,-0.1,
Chris Youngblood,23,OKC,SG,9,0,45,6.1,.512,.917,.500,2.5,9.2,6.0,2.7,0.0,0.0,0.0,14.1,0.0,0.1,0.1,.103,-5.7,-2.8,-8.5,-0.1,
Tristan Vukcevic,22,WAS,C,8,0,45,11.1,.536,.389,.556,0.0,13.7,6.8,13.1,1.0,5.9,15.2,24.1,-0.1,0.0,0.0,-0.045,-4.1,-0.5,-4.6,0.0,
Noah Penda,21,ORL,SF,5,0,45,16.5,.666,.182,.364,12.3,12.2,12.3,15.6,1.0,3.7,13.6,13.6,0.1,0.1,0.2,.180,0.9,-0.1,0.9,0.0,
Bismack Biyombo,33,SAS,C,5,0,44,2.7,.500,.000,.000,5.6,7.7,6.7,5.5,3.3,0.0,50.0,3.9,0.0,0.1,0.1,.057,-7.0,2.0,-5.0,0.0,
Isaiah Livers,27,PHO,PF,5,0,44,8.5,.506,.889,.222,5.0,2.6,3.8,5.7,2.2,4.2,9.2,10.2,0.0,0.0,0.0,.053,-2.9,-0.5,-3.4,0.0,
Duop Reath,29,POR,C,5,0,44,17.3,.800,.933,.000,0.0,2.8,1.3,13.5,0.0,2.1,0.0,13.4,0.2,0.0,0.2,.203,6.9,-0.5,6.4,0.1,
Julian Phillips,22,CHI,SF,7,0,43,4.5,.346,.462,.000,2.7,2.3,2.5,2.8,3.3,1.8,0.0,12.7,-0.1,0.0,0.0,-0.017,-6.6,0.4,-6.3,0.0,
Karlo Matković,24,NOP,PF,6,0,43,18.2,.595,.067,.400,11.6,19.2,15.1,8.5,0.0,4.8,5.4,18.3,0.1,0.0,0.1,.084,-0.8,-2.0,-2.8,0.0,
KJ Simpson,23,CHO,PG,3,0,43,8.4,.476,.357,.286,8.1,12.6,10.4,21.8,2.2,0.0,24.1,19.8,0.0,0.0,0.0,-0.022,-4.9,-1.1,-6.0,0.0,
Branden Carlson,26,OKC,C,7,0,42,10.5,.563,.438,.000,2.7,22.2,12.8,6.9,0.0,2.4,11.1,18.5,0.0,0.1,0.1,.079,-4.8,-2.3,-7.1,-0.1,
Pat Connaughton,33,CHO,SG,5,0,40,13.7,.663,.538,.231,5.8,13.5,9.8,7.3,0.0,2.2,12.3,16.7,0.1,0.0,0.1,.086,0.7,-1.7,-1.0,0.0,
Brandon Miller,23,CHO,SF,2,2,40,13.9,.493,.440,.400,0.0,0.0,0.0,32.6,1.2,2.2,9.3,33.2,0.0,0.0,0.0,.024,-3.7,-2.8,-6.5,0.0,
Drake Powell,20,BRK,SG,3,0,39,4.7,.556,.333,.000,5.3,12.7,8.7,11.4,1.2,0.0,30.8,13.9,-0.1,0.0,-0.1,-0.080,-7.2,-2.1,-9.3,-0.1,
Carter Bryant,20,SAS,PF,5,0,38,5.8,.490,.429,.214,0.0,11.9,6.2,0.0,2.6,2.4,16.4,20.5,-0.1,0.1,0.0,-0.011,-6.4,-0.8,-7.3,0.0,
Jeremy Sochan,22,SAS,PF,2,0,38,9.6,.615,.333,.500,6.5,6.0,6.2,7.6,1.3,0.0,17.0,19.7,0.0,0.0,0.1,.095,-4.5,-0.8,-5.3,0.0,
Devin Carter,23,SAC,PG,6,0,37,7.7,.307,.625,.500,6.0,9.3,7.6,12.6,5.1,2.4,17.0,13.5,-0.1,0.0,0.0,-0.034,-5.6,3.2,-2.4,0.0,
Kobe Brown,26,LAC,PF,5,0,37,6.7,.291,.667,.333,9.7,23.7,17.0,20.4,0.0,0.0,22.5,10.5,0.0,0.0,0.0,-0.018,-3.8,-1.4,-5.2,0.0,
Ryan Nembhard,22,DAL,PG,4,0,37,7.1,.522,.286,.214,2.8,0.0,1.4,31.5,0.0,0.0,24.6,23.3,-0.1,0.0,-0.1,-0.072,-4.1,-4.3,-8.4,-0.1,
Johnny Furphy,21,IND,SG,3,0,37,4.9,.667,.500,.000,2.5,14.7,8.1,0.0,2.5,0.0,33.3,9.8,0.0,0.0,0.0,.006,-7.1,1.6,-5.6,0.0,
Moussa Cisse,23,DAL,C,5,0,36,13.0,.651,.000,.444,17.5,11.3,14.4,0.0,1.3,4.4,27.1,17.4,0.0,0.1,0.0,.061,-5.6,-1.3,-6.9,0.0,
Micah Peavy,24,NOP,SG,4,0,36,6.5,.368,.400,.200,8.3,13.1,10.5,11.9,1.4,0.0,8.4,13.9,0.0,0.0,0.0,-0.038,-4.7,-1.8,-6.4,0.0,
Jeremiah Robinson-Earl,25,IND,PF,3,0,36,15.6,.402,.250,.083,20.5,27.3,23.6,8.1,1.3,0.0,0.0,13.9,0.0,0.0,0.1,.115,-0.2,-2.1,-2.2,0.0,
AJ Johnson,21,WAS,SG,7,0,35,2.0,.298,.200,.400,5.8,5.9,5.8,14.3,0.0,0.0,7.8,14.9,-0.1,0.0,-0.1,-0.127,-7.5,-4.9,-12.4,-0.1,
Chaz Lanier,24,DET,SG,6,0,35,5.6,.423,.846,.000,3.1,3.0,3.0,7.4,1.4,0.0,7.1,16.4,0.0,0.0,0.0,-0.002,-2.3,-1.6,-3.9,0.0,
Thomas Bryant,28,CLE,C,6,0,34,11.7,.403,.429,.143,9.5,16.7,13.0,4.3,4.2,5.7,6.3,19.0,-0.1,0.1,0.0,.025,-6.3,0.6,-5.7,0.0,
Mac McClung,27,IND,SG,3,0,34,13.3,.481,.556,.222,0.0,12.8,5.9,5.0,6.9,2.8,9.2,25.7,-0.1,0.1,0.0,.037,-5.6,6.0,0.4,0.0,
Jonathan Mogbo,24,TOR,PF,6,0,33,12.4,.500,.000,.000,10.2,19.7,15.0,14.9,1.4,5.7,14.3,8.9,0.0,0.1,0.1,.126,-1.4,1.9,0.6,0.0,
Luke Travers,24,CLE,SG,4,0,33,5.8,.235,.273,.364,9.7,13.7,11.7,14.5,1.4,5.8,7.3,17.0,-0.1,0.0,0.0,-0.054,-6.7,-0.9,-7.6,0.0,
Dylan Cardwell,24,SAC,C,3,1,33,2.6,.363,.167,.333,6.7,10.4,8.5,0.0,2.8,8.2,22.5,11.4,-0.1,0.0,0.0,-0.052,-12.0,0.4,-11.6,-0.1,
Nolan Traoré,19,BRK,PG,3,0,33,1.6,.354,.667,.222,0.0,3.7,1.7,16.3,2.9,0.0,16.8,15.0,-0.1,0.0,-0.1,-0.112,-9.1,-2.6,-11.7,-0.1,
Asa Newell,20,ATL,PF,4,0,31,15.2,.612,.538,.154,24.2,10.1,17.0,4.9,0.0,0.0,12.6,21.4,0.1,0.0,0.1,.112,1.0,-4.2,-3.2,0.0,
Charles Bassey,25,MEM,C,2,0,31,12.7,.376,.000,.375,24.1,28.3,26.2,8.9,1.5,2.9,9.7,13.8,0.0,0.0,0.1,.079,-3.4,-1.4,-4.8,0.0,
Jett Howard,22,ORL,SF,6,0,30,5.6,.450,.900,.000,3.7,3.7,3.7,13.4,0.0,2.8,9.1,15.2,0.0,0.0,0.0,.016,-2.1,-1.8,-3.9,0.0,
Robert Williams,28,POR,C,3,0,30,19.7,.672,.143,.143,17.2,20.3,18.6,14.5,1.5,3.0,0.0,9.8,0.1,0.0,0.1,.233,2.8,1.4,4.2,0.0,
Yang Hansen,20,POR,C,5,0,29,1.7,.387,.333,.667,10.7,4.2,7.7,0.0,0.0,6.2,20.5,19.9,-0.1,0.0,-0.1,-0.111,-10.8,-3.2,-14.1,-0.1,
Julian Strawther,23,DEN,SG,5,0,29,10.7,.518,.667,.833,0.0,17.8,9.6,8.6,0.0,3.3,10.9,27.0,0.0,0.0,0.0,.045,-5.5,-2.7,-8.2,0.0,
Jase Richardson,20,ORL,SG,6,0,28,-1.9,.255,.600,.400,0.0,3.9,2.0,22.1,0.0,0.0,33.8,13.1,-0.1,0.0,-0.1,-0.150,-7.4,-3.4,-10.7,-0.1,
Dalen Terry,23,CHI,SG,5,0,28,6.9,.438,.250,.000,0.0,7.2,3.8,13.3,0.0,5.7,0.0,12.0,0.0,0.0,0.0,.044,-4.2,0.5,-3.7,0.0,
Dario Šarić,31,SAC,C,3,0,28,5.1,.425,.400,.400,3.9,16.4,10.0,8.4,0.0,0.0,14.5,10.4,0.0,0.0,0.0,-0.026,-3.2,-2.2,-5.4,0.0,
Jae'Sean Tate,30,HOU,SF,5,0,27,-0.4,.333,.333,.000,0.0,15.8,8.4,0.0,1.8,0.0,10.0,15.3,-0.1,0.0,0.0,-0.073,-12.0,-2.2,-14.2,-0.1,
Aaron Holiday,29,HOU,PG,4,0,26,11.6,.781,.571,.429,0.0,12.3,6.5,21.4,0.0,0.0,32.5,19.6,0.0,0.0,0.0,.079,-2.3,-2.4,-4.8,0.0,
Caleb Love,24,POR,SG,3,0,26,8.3,.333,.600,.000,4.0,32.8,17.2,32.8,0.0,0.0,6.3,24.2,0.0,0.0,0.0,-0.041,-3.4,-3.1,-6.5,0.0,
Precious Achiuwa,26,SAC,C,2,0,26,10.5,.481,.286,.429,4.2,26.4,15.1,0.0,1.8,3.5,10.7,15.2,0.0,0.0,0.0,-0.003,-3.2,-1.2,-4.3,0.0,
Isaiah Collier,21,UTA,PG,1,1,26,2.2,.563,.375,.250,0.0,0.0,0.0,18.3,0.0,0.0,31.1,20.2,-0.1,0.0,-0.1,-0.143,-7.8,-6.1,-13.9,-0.1,
Jericho Sims,27,MIL,C,6,0,25,8.3,.906,.000,4.000,8.9,8.6,8.8,0.0,0.0,3.6,26.6,6.4,0.0,0.0,0.1,.108,-4.2,-2.1,-6.2,0.0,
Rayan Rupert,21,POR,SG,4,0,25,9.2,.500,.600,.000,4.1,19.5,11.2,10.3,3.7,0.0,16.7,9.4,0.0,0.0,0.0,.077,-3.6,1.6,-2.0,0.0,
Khaman Maluach,19,PHO,C,5,0,24,12.4,.731,.250,2.000,4.6,4.7,4.6,5.4,0.0,7.7,21.0,16.4,0.1,0.0,0.1,.120,-5.3,0.2,-5.1,0.0,
Joan Beringer,19,MIN,PF,6,0,23,13.4,.776,.000,.167,5.1,33.2,19.7,0.0,0.0,4.0,23.7,15.8,0.0,0.0,0.0,.062,-4.5,-0.5,-5.0,0.0,
Sidy Cissoko,21,POR,SF,3,0,23,14.8,.644,.333,.667,13.5,10.6,12.2,11.3,4.0,0.0,0.0,6.6,0.1,0.0,0.1,.203,-0.3,2.7,2.4,0.0,
DeAndre Jordan,37,NOP,C,2,1,23,19.1,.765,.000,.400,17.3,30.8,23.5,0.0,0.0,0.0,14.5,12.6,0.1,0.0,0.1,.132,1.8,-3.5,-1.7,0.0,
Jalen Green,23,PHO,SG,1,1,23,35.2,.653,.650,.250,4.8,9.8,7.3,30.6,4.2,0.0,8.3,43.6,0.1,0.0,0.1,.188,15.7,2.0,17.7,0.1,
Yanic Konan Niederhauser,22,LAC,C,5,0,22,35.8,.825,.000,1.000,16.3,15.0,15.6,18.0,0.0,4.7,8.0,24.8,0.1,0.0,0.2,.334,8.3,0.5,8.7,0.1,
Leonard Miller,22,MIN,SF,5,0,22,12.7,.721,.143,.429,0.0,29.8,15.5,0.0,2.2,0.0,26.5,22.2,0.0,0.0,0.0,.013,-6.8,-0.1,-6.9,0.0,
Bobi Klintman,22,DET,SF,2,0,22,9.0,.322,.375,.375,14.6,23.5,19.1,6.0,4.3,0.0,9.7,19.2,-0.1,0.1,0.0,-0.018,-6.8,-0.7,-7.5,0.0,
Jalen Pickett,26,DEN,SG,4,0,21,20.9,.672,.571,.143,5.7,14.7,10.6,38.2,0.0,0.0,11.8,17.1,0.1,0.0,0.1,.251,4.6,0.8,5.4,0.0,
Malaki Branham,22,WAS,SG,2,0,21,22.2,.705,.500,.750,4.8,14.7,9.7,0.0,0.0,0.0,0.0,20.8,0.1,0.0,0.1,.157,4.6,-3.1,1.4,0.0,
Rasheer Fleming,21,PHO,PF,5,0,20,5.6,.278,.556,.000,16.4,11.3,13.9,13.2,2.4,0.0,0.0,18.6,0.0,0.0,0.0,-0.026,-7.1,-3.8,-10.9,0.0,
GG Jackson II,21,MEM,PF,4,0,20,2.9,.282,.500,.250,5.3,5.5,5.4,0.0,4.7,0.0,0.0,18.4,-0.1,0.0,0.0,-0.105,-8.8,-1.9,-10.6,0.0,
Keshad Johnson,24,MIA,SF,3,0,20,2.3,.318,.545,.000,0.0,25.4,13.2,0.0,4.6,0.0,8.3,24.9,-0.1,0.1,-0.1,-0.166,-12.3,-0.9,-13.2,-0.1,
Lindy Waters III,28,SAS,SG,2,0,20,16.2,1.125,1.000,.000,0.0,11.3,5.9,0.0,0.0,0.0,0.0,8.5,0.1,0.0,0.1,.205,6.7,0.6,7.3,0.0,
Jamir Watkins,24,WAS,SG,2,0,20,9.8,.750,.250,.000,5.1,25.6,15.3,0.0,0.0,4.4,20.0,10.3,0.0,0.0,0.0,.035,-6.7,-2.6,-9.2,0.0,
James Wiseman,24,IND,C,1,1,20,5.4,.667,.000,.000,18.5,0.0,10.0,0.0,0.0,4.7,50.0,12.0,0.0,0.0,0.0,-0.055,-9.1,-4.2,-13.3,-0.1,
PJ Hall,23,MEM,C,5,0,19,19.9,.765,.400,.400,11.2,23.1,17.1,7.9,0.0,9.6,14.5,15.0,0.1,0.0,0.1,.204,0.3,0.9,1.2,0.0,
Spencer Jones,24,DEN,SF,5,0,19,0.5,.500,.500,.000,6.3,0.0,2.9,0.0,7.6,0.0,50.0,17.9,-0.1,0.0,-0.1,-0.149,-12.4,1.4,-11.0,0.0,
JD Davison,23,HOU,PG,3,0,17,17.0,.581,.833,.333,0.0,0.0,0.0,16.9,2.9,5.8,0.0,16.8,0.0,0.0,0.1,.169,2.5,1.5,4.1,0.0,
Isaac Jones,25,SAC,PF,3,1,17,5.6,.521,.500,1.000,13.0,0.0,6.6,7.1,0.0,0.0,0.0,7.2,0.0,0.0,0.0,.073,-5.9,-2.4,-8.3,0.0,
Andrew Nembhard,26,IND,PG,1,1,17,-1.3,.296,.400,.800,0.0,6.4,2.9,29.6,0.0,0.0,22.8,20.7,-0.1,0.0,-0.1,-0.176,-9.3,-4.2,-13.5,0.0,
Joe Ingles,38,MIN,SF,4,0,16,2.7,.000,1.000,.000,0.0,0.0,0.0,35.2,0.0,0.0,0.0,5.4,0.0,0.0,0.0,.010,-3.7,-0.5,-4.2,0.0,
Jahmyl Telfort,24,LAC,PF,3,0,16,-7.2,.133,1.000,2.000,0.0,13.7,7.2,7.6,0.0,0.0,21.0,13.0,-0.1,0.0,-0.1,-0.251,-13.7,-4.2,-17.9,-0.1,
Eric Gordon,37,PHI,SG,2,0,16,15.4,1.000,.750,.000,0.0,0.0,0.0,0.0,3.0,0.0,20.0,12.8,0.0,0.0,0.0,.100,2.5,0.3,2.8,0.0,
Zeke Nnaji,25,DEN,PF,4,0,15,16.7,.751,.500,.500,8.0,0.0,3.7,9.9,0.0,0.0,12.0,23.6,0.1,0.0,0.1,.190,-2.3,-1.3,-3.7,0.0,
Kelly Olynyk,34,SAS,C,2,0,15,23.1,1.000,.000,.000,24.6,15.1,19.7,30.6,0.0,0.0,25.0,11.3,0.1,0.0,0.1,.310,5.5,2.8,8.2,0.0,
Jared McCain,21,PHI,SG,1,0,15,-6.8,.000,.500,.000,0.0,7.6,3.7,15.1,0.0,0.0,0.0,11.0,-0.1,0.0,-0.1,-0.193,-12.4,-4.2,-16.6,-0.1,
N'Faly Dante,24,ATL,C,3,0,14,13.6,.338,.000,.250,23.0,29.7,26.4,0.0,6.7,0.0,18.4,16.2,0.0,0.0,0.0,.053,-4.1,-1.3,-5.4,0.0,
E.J. Liddell,25,BRK,PF,3,0,14,15.8,.538,.571,.143,7.4,44.1,24.2,0.0,0.0,0.0,0.0,22.1,0.0,0.0,0.0,.077,0.0,-4.1,-4.1,0.0,
Anthony Gill,33,WAS,PF,5,0,13,19.3,.922,.250,.500,7.8,23.7,15.7,0.0,0.0,0.0,29.1,21.7,0.0,0.0,0.0,.062,1.0,-2.4,-1.4,0.0,
Jeff Green,39,HOU,PF,3,0,13,28.6,1.125,1.000,.000,9.2,0.0,4.3,0.0,0.0,7.6,0.0,12.7,0.1,0.0,0.1,.292,12.8,0.5,13.4,0.1,
Gary Harris,31,MIL,SG,3,0,13,9.5,.333,.333,.000,8.6,8.3,8.4,18.0,3.6,0.0,0.0,9.8,0.0,0.0,0.0,.088,-4.9,2.1,-2.7,0.0,
Andre Jackson Jr.,24,MIL,SG,3,0,13,11.8,.000,.000,.000,8.6,0.0,4.2,16.5,7.2,0.0,0.0,3.3,0.0,0.0,0.0,.119,-0.7,4.9,4.2,0.0,
Johnny Juzang,24,MIN,SG,4,0,12,0.0,.410,.750,.500,9.9,0.0,4.7,0.0,0.0,0.0,17.0,21.1,0.0,0.0,0.0,-0.144,-6.0,-6.2,-12.3,0.0,
Bryce McGowens,23,NOP,SG,3,0,12,14.6,.532,.500,2.000,0.0,0.0,0.0,32.0,0.0,0.0,0.0,13.2,0.0,0.0,0.0,.131,1.1,-1.8,-0.6,0.0,
Mason Plumlee,35,CHO,C,3,0,12,6.1,1.000,.000,.000,0.0,27.1,14.0,10.7,0.0,0.0,50.0,6.8,0.0,0.0,0.0,.005,-5.2,0.7,-4.5,0.0,
Mark Sears,23,MIL,PG,2,0,12,8.7,.602,.500,1.500,0.0,0.0,0.0,0.0,0.0,0.0,13.1,27.0,0.0,0.0,0.0,.039,-3.4,-4.4,-7.8,0.0,
Jevon Carter,30,CHI,PG,1,0,12,0.6,.000,1.000,.000,0.0,0.0,0.0,18.2,0.0,0.0,0.0,3.5,0.0,0.0,0.0,-0.009,-7.2,-2.5,-9.7,0.0,
Harrison Ingram,23,SAS,SF,3,0,11,21.1,.833,.333,.000,33.6,0.0,16.1,0.0,0.0,0.0,0.0,11.6,0.1,0.0,0.1,.291,7.2,-3.1,4.1,0.0,
David Jones García,24,SAS,SF,3,0,11,32.4,.541,.000,.429,22.4,10.3,16.1,74.2,0.0,0.0,0.0,32.1,0.1,0.0,0.1,.374,8.7,0.5,9.3,0.0,
Hunter Tyson,25,DEN,PF,3,0,11,-5.5,.000,1.000,.000,0.0,56.3,30.3,0.0,0.0,0.0,0.0,11.6,-0.1,0.0,0.0,-0.154,-16.5,-3.4,-19.8,0.0,
Tyson Etienne,26,BRK,PG,2,0,11,-7.9,.000,1.000,.000,0.0,0.0,0.0,0.0,0.0,0.0,0.0,7.6,0.0,0.0,-0.1,-0.224,-13.3,-5.6,-18.9,0.0,
Ron Harper Jr.,25,BOS,SF,2,0,11,5.8,.200,.800,.000,9.6,20.4,14.8,34.8,0.0,0.0,0.0,19.3,0.0,0.0,0.0,-0.063,-4.5,-1.8,-6.4,0.0,
Jahmir Young,25,MIA,PG,2,0,10,-0.9,.333,.333,.000,0.0,10.2,5.3,23.9,0.0,0.0,25.0,16.6,0.0,0.0,0.0,-0.117,-11.8,-2.6,-14.4,0.0,
Kobe Sanders,23,LAC,SG,2,0,9,6.2,.250,.250,.000,0.0,12.2,6.4,15.6,11.0,0.0,20.0,24.2,-0.1,0.0,0.0,-0.192,-13.6,3.2,-10.4,0.0,
Kevin Porter Jr.,25,MIL,PG,1,1,9,45.3,.850,.600,.400,0.0,0.0,0.0,37.2,5.2,0.0,0.0,27.7,0.1,0.0,0.1,.575,15.6,4.0,19.6,0.1,
Mohamed Diawara,20,NYK,SF,4,0,8,-4.9,.347,.000,1.000,0.0,15.0,6.8,16.8,0.0,0.0,25.8,19.9,0.0,0.0,0.0,-0.230,-15.1,-3.2,-18.3,0.0,
Riley Minix,25,SAS,SF,3,0,8,46.8,.750,.500,.000,15.4,14.2,14.8,35.4,6.1,0.0,0.0,31.9,0.1,0.0,0.1,.455,17.7,6.7,24.4,0.1,
Trey Jemison,26,NYK,C,1,0,8,6.2,,,,12.6,15.0,13.7,0.0,0.0,0.0,,0.0,0.0,0.0,0.0,.077,-0.7,-2.5,-3.2,0.0,
Cody Martin,30,IND,SF,1,0,8,10.4,.333,.667,.000,0.0,54.6,25.0,0.0,5.9,0.0,0.0,15.1,0.0,0.0,0.0,.038,-10.4,5.6,-4.8,0.0,
Pacome Dadiet,20,NYK,SG,3,0,7,5.8,,,,0.0,34.3,15.6,16.4,0.0,0.0,,0.0,0.0,0.0,0.0,.102,-6.9,2.6,-4.3,0.0,
Hunter Sallis,22,PHI,SG,3,0,7,0.1,1.000,.000,.000,0.0,16.3,8.0,19.3,0.0,0.0,66.7,17.6,0.0,0.0,0.0,-0.196,-11.0,-2.3,-13.3,0.0,
Chris Mañon,24,LAL,SG,2,0,7,-0.6,.000,1.000,.000,0.0,31.7,17.1,0.0,0.0,13.9,0.0,6.1,0.0,0.0,0.0,-0.054,-11.3,2.5,-8.8,0.0,
Nae'Qwan Tomlin,25,CLE,PF,2,0,7,34.7,.615,.250,.500,15.3,16.2,15.7,0.0,6.7,13.7,0.0,28.4,0.0,0.0,0.1,.388,0.2,5.4,5.6,0.0,
Amari Williams,24,BOS,PF,2,0,7,21.7,.500,.000,.000,15.1,16.1,15.5,19.5,7.1,0.0,0.0,12.1,0.0,0.0,0.0,.249,1.3,5.1,6.4,0.0,
Colby Jones,23,DET,SG,1,0,7,13.3,.333,.667,.000,0.0,59.1,30.1,38.3,0.0,0.0,0.0,17.5,0.0,0.0,0.0,.127,-3.3,4.8,1.5,0.0,
Johni Broome,23,PHI,PF,2,0,6,22.2,.400,.200,.000,36.8,0.0,18.7,30.2,0.0,0.0,0.0,34.2,0.0,0.0,0.0,.072,2.2,-7.4,-5.2,0.0,
Christian Koloko,25,LAL,C,2,0,6,-0.3,,,,0.0,18.5,10.0,0.0,0.0,0.0,,0.0,0.0,0.0,0.0,.027,-6.3,-1.6,-7.8,0.0,
Jacob Toppin,25,ATL,SF,2,0,6,3.1,.500,.000,.000,0.0,0.0,0.0,0.0,0.0,0.0,0.0,13.9,0.0,0.0,0.0,-0.016,-7.8,-3.2,-11.1,0.0,
Tolu Smith,25,DET,PF,1,0,6,71.8,.777,.000,1.750,35.7,34.4,35.1,0.0,8.0,0.0,12.4,55.0,0.1,0.0,0.1,.692,28.1,8.5,36.6,0.1,
Hunter Dickinson,25,NOP,C,1,0,5,-11.3,.500,.000,.000,0.0,0.0,0.0,0.0,0.0,20.7,50.0,33.8,-0.1,0.0,-0.1,-0.547,-27.4,0.5,-26.9,0.0,
Caleb Houstan,23,ATL,SF,3,0,4,0.0,,,,0.0,0.0,0.0,0.0,0.0,0.0,,0.0,0.0,0.0,0.0,.001,-5.3,-3.0,-8.4,0.0,
Sharife Cooper,24,WAS,PG,2,0,4,-11.8,,,,0.0,0.0,0.0,0.0,0.0,0.0,100.0,10.3,0.0,0.0,0.0,-0.375,-14.2,-7.7,-21.9,0.0,
DaRon Holmes,23,DEN,PF,2,0,4,24.6,1.500,1.000,.000,0.0,0.0,0.0,0.0,0.0,0.0,0.0,10.6,0.0,0.0,0.0,.209,10.2,1.0,11.2,0.0,
Koby Brea,23,PHO,SG,1,0,4,34.9,.694,.500,1.000,0.0,0.0,0.0,41.0,0.0,0.0,0.0,29.8,0.0,0.0,0.0,.448,6.5,-2.1,4.3,0.0,
Danny Wolf,21,BRK,PF,1,0,4,8.7,.000,.000,.000,0.0,30.9,14.1,62.1,0.0,0.0,0.0,10.4,0.0,0.0,0.0,-0.046,0.9,4.2,5.0,0.0,
Myron Gardner,24,MIA,SF,1,0,3,39.8,1.500,1.000,.000,0.0,33.9,17.6,55.2,0.0,0.0,0.0,13.8,0.0,0.0,0.0,.705,15.8,13.7,29.5,0.0,
Kyle Lowry,39,PHI,PG,1,0,3,63.2,1.500,1.000,.000,0.0,0.0,0.0,60.5,15.9,0.0,0.0,13.7,0.0,0.0,0.1,.866,27.1,21.9,49.0,0.0,
Thanasis Antetokounmpo,33,MIL,SF,1,0,2,-17.7,.000,.000,.000,0.0,0.0,0.0,0.0,0.0,0.0,0.0,21.2,0.0,0.0,0.0,-0.522,-21.7,-13.8,-35.5,0.0,
Miles Kelly,23,DAL,PG,1,0,2,-31.2,,,,0.0,0.0,0.0,0.0,0.0,0.0,100.0,21.2,0.0,0.0,0.0,-0.635,-25.9,-9.1,-35.0,0.0,
Orlando Robinson,25,ORL,C,1,0,2,-7.3,,,,0.0,0.0,0.0,0.0,0.0,0.0,,0.0,0.0,0.0,0.0,.016,-17.7,-1.5,-19.2,0.0,
