Player,Age,Team,Pos,G,GS,MP,FG,FGA,FG%,3P,3PA,3P%,2P,2PA,2P%,eFG%,FT,FTA,FT%,ORB,DRB,TRB,AST,STL,BLK,TOV,PF,PTS,Awards
Luka Dončić,26,LAL,PG,5,5,39.0,12.6,25.2,.500,3.6,11.8,.305,9.0,13.4,.672,.571,11.2,14.2,.789,1.0,10.0,11.0,9.2,2.0,0.6,4.0,2.8,40.0,
Tyrese Maxey,25,PHI,PG,8,8,41.3,10.9,22.8,.478,4.3,8.9,.479,6.6,13.9,.477,.571,7.5,8.8,.857,0.4,4.8,5.1,8.5,1.1,1.0,2.9,2.6,33.5,
Shai Gilgeous-Alexander,27,OKC,PG,9,9,35.3,11.2,21.8,.515,2.0,5.7,.353,9.2,16.1,.572,.561,8.9,9.9,.899,0.3,5.1,5.4,6.3,0.9,1.2,1.9,2.1,33.3,
Giannis Antetokounmpo,31,MIL,PF,7,7,31.1,12.6,18.6,.677,0.9,1.4,.600,11.7,17.1,.683,.700,6.3,10.1,.620,4.0,8.6,12.6,6.3,0.9,1.0,2.6,2.9,32.3,
Donovan Mitchell,29,CLE,SG,7,7,33.9,10.9,18.9,.576,4.3,9.4,.455,6.6,9.4,.697,.689,5.9,7.1,.820,0.0,2.6,2.6,5.0,1.3,0.4,3.4,2.0,31.9,
Austin Reaves,27,LAL,SG,7,7,37.9,9.4,19.3,.489,3.0,8.7,.344,6.4,10.6,.608,.567,9.3,10.3,.903,0.6,4.6,5.1,9.3,1.4,0.0,3.4,2.1,31.1,
Devin Booker,29,PHO,SG,8,8,36.8,10.3,19.9,.516,2.8,6.4,.431,7.5,13.5,.556,.585,7.8,9.0,.861,1.4,2.5,3.9,7.0,0.5,0.4,4.3,2.8,31.0,
Bennedict Mathurin,23,IND,SF,2,2,36.5,8.5,15.5,.548,2.5,5.0,.500,6.0,10.5,.571,.629,11.5,13.0,.885,1.5,5.5,7.0,2.5,0.0,0.0,2.5,3.0,31.0,
Lauri Markkanen,28,UTA,PF,8,8,37.1,10.1,21.8,.466,3.5,9.9,.354,6.6,11.9,.558,.546,6.6,7.4,.898,2.1,4.5,6.6,2.0,0.6,0.5,1.5,1.3,30.4,
Jalen Brunson,29,NYK,PG,8,8,34.0,10.0,21.6,.462,2.6,7.9,.333,7.4,13.8,.536,.523,5.6,6.5,.865,0.5,3.4,3.9,6.1,1.1,0.0,2.3,2.6,28.3,
Jaylen Brown,29,BOS,SF,9,9,31.1,10.2,19.1,.535,2.3,6.0,.389,7.9,13.1,.602,.596,4.9,6.2,.786,0.6,3.9,4.4,4.3,0.8,0.3,3.6,3.7,27.7,
Zach LaVine,30,SAC,SG,7,7,37.0,9.3,18.0,.516,3.3,8.6,.383,6.0,9.4,.636,.607,5.6,6.0,.929,0.1,3.3,3.4,2.0,0.4,0.1,2.0,2.4,27.4,
Stephen Curry,37,GSW,PG,8,8,31.1,8.6,19.0,.454,4.4,11.3,.389,4.3,7.8,.548,.569,5.1,5.4,.953,0.3,3.4,3.6,4.3,1.5,0.6,2.9,1.9,26.8,
Julius Randle,31,MIN,PF,8,8,35.0,9.4,16.8,.560,2.4,5.4,.442,7.0,11.4,.615,.631,5.6,6.6,.849,1.1,5.8,6.9,5.6,1.1,0.4,2.5,2.4,26.8,
Pascal Siakam,31,IND,PF,8,8,35.6,9.4,20.9,.449,1.9,5.5,.341,7.5,15.4,.488,.494,5.0,8.6,.580,1.4,6.8,8.1,5.9,1.5,0.4,2.9,3.4,25.6,
Victor Wembanyama,22,SAS,C,7,7,33.7,9.0,17.7,.508,0.9,3.3,.261,8.1,14.4,.564,.532,6.7,8.4,.797,1.9,11.0,12.9,3.1,1.3,4.1,2.9,3.9,25.6,
Cade Cunningham,24,DET,PG,8,8,36.1,8.8,20.0,.438,2.0,6.5,.308,6.8,13.5,.500,.488,5.0,6.6,.755,0.9,4.4,5.3,9.6,1.0,0.9,3.6,3.8,24.5,
Deni Avdija,25,POR,SF,8,8,33.4,7.5,16.1,.465,2.3,6.3,.360,5.3,9.9,.532,.535,7.1,8.4,.851,1.4,5.1,6.5,4.5,0.8,0.9,3.9,2.9,24.4,
Kawhi Leonard,34,LAC,SF,6,6,33.5,8.8,17.5,.505,2.3,5.8,.400,6.5,11.7,.557,.571,4.3,4.5,.963,0.8,4.8,5.7,3.5,2.5,0.7,1.8,1.2,24.3,
Nikola Jokić,30,DEN,C,7,7,35.1,9.3,15.1,.613,1.6,5.1,.306,7.7,10.0,.771,.665,4.0,4.7,.848,2.7,10.7,13.4,12.0,2.3,0.9,2.7,2.7,24.1,
Kevin Durant,37,HOU,SF,7,7,35.4,7.7,16.3,.474,1.7,4.6,.375,6.0,11.7,.512,.526,6.9,7.9,.873,0.4,4.9,5.3,2.7,1.1,1.0,2.3,2.9,24.0,
LaMelo Ball,24,CHO,PG,6,6,33.3,8.2,19.0,.430,3.3,10.0,.333,4.8,9.0,.537,.518,3.7,4.5,.815,1.5,6.3,7.8,9.8,1.7,0.2,3.7,3.5,23.3,
James Harden,36,LAC,PG,7,7,33.6,6.9,14.6,.471,3.6,8.6,.417,3.3,6.0,.548,.593,6.0,6.4,.933,0.1,5.1,5.3,8.6,1.3,0.1,4.1,2.1,23.3,
Norman Powell,32,MIA,SG,5,5,30.4,6.4,13.8,.464,3.0,5.8,.517,3.4,8.0,.425,.572,7.4,7.8,.949,0.6,4.6,5.2,2.2,1.6,0.2,2.8,2.2,23.2,
Paolo Banchero,23,ORL,PF,8,8,34.4,7.3,16.3,.446,1.0,4.1,.242,6.3,12.1,.515,.477,7.6,10.1,.753,1.1,8.4,9.5,4.5,0.8,1.1,2.6,2.5,23.1,
Josh Giddey,23,CHI,PG,7,7,34.1,8.3,16.7,.496,1.9,4.4,.419,6.4,12.3,.523,.551,4.7,6.3,.750,1.4,8.6,10.0,9.1,0.9,0.3,3.6,2.0,23.1,
Anthony Edwards,24,MIN,SG,4,4,26.5,8.0,16.3,.492,3.0,6.5,.462,5.0,9.8,.513,.585,4.0,5.0,.800,0.8,2.8,3.5,2.8,0.5,0.5,2.3,1.0,23.0,
Zion Williamson,25,NOP,PF,5,5,31.4,7.6,15.6,.487,0.0,0.0,,7.6,15.6,.487,.487,7.6,11.4,.667,3.2,3.6,6.8,4.6,2.0,0.2,3.4,2.4,22.8,
Jamal Murray,28,DEN,PG,7,7,33.4,8.4,18.1,.465,2.0,6.6,.304,6.4,11.6,.556,.520,3.9,4.0,.964,0.7,4.7,5.4,5.3,1.1,0.3,2.0,1.4,22.7,
Keyonte George,22,UTA,PG,8,8,34.6,6.4,15.1,.421,1.5,5.8,.261,4.9,9.4,.520,.471,8.4,9.3,.905,0.4,3.1,3.5,7.9,0.9,0.4,3.4,2.3,22.6,
Michael Porter Jr.,27,BRK,SF,7,7,32.4,8.6,18.3,.469,3.0,8.9,.339,5.6,9.4,.591,.551,2.3,3.1,.727,1.3,7.1,8.4,3.0,0.7,0.1,2.4,2.4,22.4,
Alperen Şengün,23,HOU,C,7,7,36.7,7.3,15.4,.472,1.3,3.0,.429,6.0,12.4,.483,.514,6.6,8.9,.742,2.1,7.7,9.9,7.3,1.6,0.9,3.6,2.9,22.4,
Franz Wagner,24,ORL,SF,8,8,34.3,7.8,15.6,.496,1.6,4.1,.394,6.1,11.5,.533,.548,4.9,6.1,.796,1.6,3.9,5.5,3.3,1.1,0.3,2.1,2.8,22.0,
Miles Bridges,27,CHO,PF,8,8,33.6,6.8,16.1,.419,3.1,8.4,.373,3.6,7.8,.468,.516,4.9,5.5,.886,0.8,5.9,6.6,3.5,0.6,0.3,1.1,1.8,21.5,
Cam Thomas,24,BRK,SG,8,8,28.3,6.6,16.5,.402,2.0,5.6,.356,4.6,10.9,.425,.462,6.1,7.0,.875,0.4,1.0,1.4,2.6,0.5,0.1,2.0,1.9,21.4,
Brandon Ingram,28,TOR,SF,8,8,32.6,8.3,15.1,.545,1.4,3.8,.367,6.9,11.4,.604,.591,3.3,3.8,.867,0.5,5.6,6.1,3.9,0.9,0.6,3.0,3.0,21.1,
DeMar DeRozan,36,SAC,PF,8,8,36.9,7.8,16.0,.484,0.4,1.6,.231,7.4,14.4,.513,.496,5.1,6.3,.820,0.4,3.5,3.9,3.9,1.1,0.1,1.0,1.5,21.0,
Scottie Barnes,24,TOR,PF,8,8,32.3,8.1,15.9,.512,2.3,4.6,.486,5.9,11.3,.522,.583,2.4,3.3,.731,1.8,5.1,6.9,5.1,1.6,1.5,2.1,3.3,20.9,
RJ Barrett,25,TOR,SF,8,8,32.4,7.8,14.0,.554,2.1,5.4,.395,5.6,8.6,.652,.629,3.1,4.4,.714,0.4,4.5,4.9,3.5,1.3,0.5,2.0,2.5,20.8,
Anthony Davis,32,DAL,PF,5,5,29.8,7.8,15.0,.520,0.6,2.2,.273,7.2,12.8,.563,.540,4.6,6.2,.742,3.4,6.8,10.2,2.2,1.6,1.2,2.2,2.6,20.8,
Chet Holmgren,23,OKC,PF,5,5,33.4,6.6,11.8,.559,2.0,5.0,.400,4.6,6.8,.676,.644,5.4,6.4,.844,1.8,7.4,9.2,2.0,1.2,1.6,3.0,4.0,20.6,
Jalen Johnson,24,ATL,SF,7,7,31.9,8.3,14.3,.580,0.4,2.1,.200,7.9,12.1,.647,.595,3.6,4.4,.806,1.4,7.1,8.6,5.0,1.4,0.3,2.4,2.7,20.6,
Aaron Gordon,30,DEN,PF,7,7,30.3,6.7,12.1,.553,2.3,5.1,.444,4.4,7.0,.633,.647,4.7,5.0,.943,1.0,4.7,5.7,1.7,0.9,0.1,1.9,1.7,20.4,
Jerami Grant,31,POR,PF,8,0,29.3,5.9,11.8,.500,2.4,5.6,.422,3.5,6.1,.571,.601,6.1,7.1,.860,0.8,2.5,3.3,2.0,1.4,0.6,1.8,3.3,20.3,
Ja Morant,26,MEM,PG,8,8,30.0,6.8,17.6,.383,0.8,5.4,.140,6.0,12.3,.490,.404,5.8,6.0,.958,0.5,3.3,3.8,7.3,1.0,0.1,3.3,1.8,20.0,
Bam Adebayo,28,MIA,C,8,8,30.4,7.0,15.5,.452,2.0,5.9,.340,5.0,9.6,.519,.516,3.9,4.5,.861,1.0,7.1,8.1,2.9,1.0,0.3,2.0,1.6,19.9,
Evan Mobley,24,CLE,PF,8,8,34.1,7.0,15.3,.459,1.9,5.4,.349,5.1,9.9,.519,.520,3.9,5.6,.689,2.0,6.4,8.4,4.3,1.9,1.8,2.9,2.1,19.8,
Karl-Anthony Towns,30,NYK,C,8,8,33.1,5.9,14.3,.412,1.8,5.1,.341,4.1,9.1,.452,.474,6.3,6.9,.909,3.3,9.5,12.8,3.3,0.6,1.1,3.0,3.5,19.8,
Stephon Castle,21,SAS,PG,7,7,32.7,6.3,12.1,.518,1.4,4.4,.323,4.9,7.7,.630,.576,5.4,8.1,.667,1.3,4.7,6.0,5.7,2.0,0.4,5.0,3.3,19.4,
Dillon Brooks,30,PHO,SF,3,3,30.3,7.3,19.7,.373,3.0,10.3,.290,4.3,9.3,.464,.449,1.7,1.7,1.000,1.3,2.0,3.3,2.3,2.7,0.7,2.3,4.3,19.3,
Kelly Oubre Jr.,30,PHI,PF,8,8,37.4,6.9,13.1,.524,2.6,6.0,.438,4.3,7.1,.596,.624,2.9,3.6,.793,1.1,4.4,5.5,1.4,1.4,0.9,1.3,2.4,19.3,
Nikola Vučević,35,CHI,C,7,7,32.0,7.4,12.7,.584,2.1,4.4,.484,5.3,8.3,.638,.669,2.3,2.7,.842,3.0,9.0,12.0,3.7,0.7,0.4,1.9,2.3,19.3,
Jimmy Butler,36,GSW,SF,8,8,31.1,5.6,11.8,.479,1.1,2.4,.474,4.5,9.4,.480,.527,6.6,7.4,.898,2.3,3.1,5.4,4.5,1.1,0.4,1.6,1.3,19.0,
Alex Sarr,20,WAS,C,8,8,27.9,7.6,14.1,.540,1.3,2.8,.455,6.4,11.4,.560,.584,2.5,3.1,.800,2.4,6.0,8.4,3.9,0.6,2.3,2.6,1.5,19.0,
Amen Thompson,23,HOU,SF,7,7,34.9,7.4,14.9,.500,0.4,2.4,.176,7.0,12.4,.563,.514,3.3,4.9,.676,2.3,4.1,6.4,5.7,1.0,0.3,2.6,2.7,18.6,
De'Andre Hunter,28,CLE,SF,5,5,29.2,5.6,14.6,.384,2.4,8.6,.279,3.2,6.0,.533,.466,4.8,5.6,.857,1.0,4.6,5.6,3.0,0.8,0.2,1.8,2.6,18.4,
Quentin Grimes,25,PHI,SG,8,0,31.6,5.8,12.4,.465,2.5,6.5,.385,3.3,5.9,.553,.566,4.3,5.4,.791,0.6,3.6,4.3,4.8,1.1,0.5,3.3,2.9,18.3,
OG Anunoby,28,NYK,PF,8,8,33.9,6.8,13.9,.486,3.0,7.3,.414,3.8,6.6,.566,.595,1.6,2.1,.765,1.6,4.4,6.0,2.4,2.4,0.8,1.8,2.3,18.1,
Shaedon Sharpe,22,POR,SG,8,8,26.8,6.3,16.9,.370,1.9,7.1,.263,4.4,9.8,.449,.426,3.8,4.1,.909,1.4,3.5,4.9,1.5,1.8,0.3,2.9,1.9,18.1,
Jalen Duren,22,DET,C,8,8,26.4,6.5,10.5,.619,0.0,0.0,,6.5,10.5,.619,.619,4.9,5.9,.830,4.6,6.8,11.4,1.8,0.6,1.4,2.3,3.3,17.9,
Jaden McDaniels,25,MIN,PF,8,8,32.5,6.8,12.9,.524,1.9,3.9,.484,4.9,9.0,.542,.597,2.5,3.0,.833,1.0,3.1,4.1,2.1,0.6,1.4,1.9,3.8,17.9,
Joel Embiid,31,PHI,C,5,5,22.8,6.0,14.2,.423,1.6,4.8,.333,4.4,9.4,.468,.479,4.2,5.2,.808,1.4,4.0,5.4,3.2,1.0,1.6,2.8,2.0,17.8,
Trae Young,27,ATL,PG,5,5,27.8,5.2,14.0,.371,1.0,5.2,.192,4.2,8.8,.477,.407,6.4,7.8,.821,0.0,2.0,2.0,7.8,0.8,0.2,2.0,1.8,17.8,
Kristaps Porziņģis,30,ATL,C,6,6,25.5,5.8,12.3,.473,1.7,4.7,.357,4.2,7.7,.543,.541,4.3,5.3,.813,2.0,4.2,6.2,3.3,0.8,0.8,1.5,3.3,17.7,
VJ Edgecombe,20,PHI,SG,8,8,38.6,6.6,14.9,.445,2.3,5.8,.391,4.4,9.1,.479,.521,2.1,2.6,.810,2.1,3.5,5.6,4.8,1.4,0.3,1.9,2.9,17.6,
Deandre Ayton,27,LAL,C,8,8,31.5,8.1,12.4,.657,0.0,0.0,,8.1,12.4,.657,.657,1.3,2.1,.588,3.0,5.4,8.4,1.1,0.5,1.3,2.3,3.1,17.5,
Jrue Holiday,35,POR,PG,8,8,33.0,6.5,14.0,.464,2.6,7.1,.368,3.9,6.9,.564,.558,1.8,2.1,.824,1.1,3.8,4.9,7.5,1.4,0.3,3.0,2.3,17.4,
Jaime Jaquez Jr.,24,MIA,SF,8,0,29.1,7.0,11.5,.609,0.4,1.9,.200,6.6,9.6,.688,.625,3.0,3.8,.800,1.1,5.1,6.3,4.3,0.9,0.0,1.9,2.0,17.4,
Nickeil Alexander-Walker,27,ATL,SG,8,5,31.0,5.8,13.4,.430,1.9,6.1,.306,3.9,7.3,.534,.500,3.9,4.5,.861,0.6,2.0,2.6,3.3,1.1,0.9,2.5,1.8,17.3,
Isaiah Joe,26,OKC,SG,4,0,24.5,5.8,12.0,.479,4.3,9.8,.436,1.5,2.3,.667,.656,1.5,2.0,.750,0.8,2.8,3.5,1.0,0.5,0.0,0.8,2.3,17.3,
Jordan Poole,26,NOP,PG,7,4,30.3,5.0,14.1,.354,2.9,8.4,.339,2.1,5.7,.375,.455,4.4,4.6,.969,0.4,1.3,1.7,3.4,0.3,0.3,2.1,2.6,17.3,
Jonathan Kuminga,23,GSW,PF,9,9,30.8,6.1,11.9,.514,1.3,3.2,.414,4.8,8.7,.551,.570,3.7,4.4,.825,1.9,5.2,7.1,3.1,0.6,0.2,2.9,2.7,17.2,
Jaren Jackson Jr.,26,MEM,C,9,9,28.8,6.1,11.7,.524,1.4,3.8,.382,4.7,7.9,.592,.586,3.3,4.1,.811,0.8,4.7,5.4,1.3,0.7,1.7,1.9,4.4,17.0,
Andrew Wiggins,30,MIA,SF,8,8,31.5,6.9,12.9,.534,1.8,4.5,.389,5.1,8.4,.612,.602,1.5,2.6,.571,1.6,3.3,4.9,2.3,1.4,0.9,2.0,2.6,17.0,
Kyshawn George,22,WAS,SF,8,8,30.8,6.3,11.8,.532,2.6,5.3,.500,3.6,6.5,.558,.644,1.6,2.6,.619,0.6,6.1,6.8,4.0,1.0,1.1,3.4,4.5,16.8,
Rui Hachimura,27,LAL,PF,9,9,35.9,6.2,10.6,.589,1.9,4.0,.472,4.3,6.6,.661,.679,2.3,3.1,.750,0.7,3.2,3.9,1.6,0.6,0.3,1.4,2.6,16.7,
Ajay Mitchell,23,OKC,SG,9,1,27.1,6.0,13.1,.458,1.1,3.9,.286,4.9,9.2,.530,.500,3.6,3.8,.941,1.0,2.7,3.7,3.4,1.6,0.1,1.8,2.7,16.7,
Sam Merrill,29,CLE,SG,5,4,26.0,5.0,9.2,.543,4.4,8.0,.550,0.6,1.2,.500,.783,2.2,2.2,1.000,0.6,1.0,1.6,1.6,0.6,0.2,1.2,3.6,16.6,
Malik Monk,27,SAC,SG,6,0,25.2,5.8,10.8,.538,2.5,5.0,.500,3.3,5.8,.571,.654,2.3,2.7,.875,0.2,1.5,1.7,2.3,1.0,0.7,1.2,2.0,16.5,
Grayson Allen,30,PHO,SG,8,8,34.6,5.5,13.5,.407,3.5,9.0,.389,2.0,4.5,.444,.537,1.9,2.3,.833,0.5,3.1,3.6,5.0,1.3,0.3,2.0,3.1,16.4,
Ryan Rollins,23,MIL,PG,8,7,31.0,6.3,12.1,.515,1.9,4.9,.385,4.4,7.3,.603,.593,1.9,2.3,.833,0.9,2.5,3.4,5.6,1.9,0.1,2.8,2.8,16.3,
Ayo Dosunmu,26,CHI,SG,5,0,26.2,6.0,10.4,.577,2.0,4.2,.476,4.0,6.2,.645,.673,2.2,2.6,.846,0.6,2.4,3.0,3.2,0.2,0.0,0.6,2.0,16.2,
Collin Sexton,27,CHO,SG,8,6,26.4,5.3,10.3,.512,1.5,3.4,.444,3.8,6.9,.545,.585,4.1,5.0,.825,0.3,2.0,2.3,5.3,0.6,0.0,3.1,2.5,16.1,
Mikal Bridges,29,NYK,SF,8,8,35.1,5.9,11.1,.528,2.5,5.4,.465,3.4,5.8,.587,.640,1.8,2.0,.875,1.3,3.6,4.9,5.3,1.4,1.1,1.1,2.6,16.0,
Jeremy Sochan,22,SAS,PF,1,0,23.0,6.0,7.0,.857,1.0,2.0,.500,5.0,5.0,1.000,.929,3.0,4.0,.750,1.0,1.0,2.0,0.0,1.0,0.0,0.0,6.0,16.0,
Donte DiVincenzo,29,MIN,SG,8,8,31.0,5.0,11.3,.444,3.6,8.4,.433,1.4,2.9,.478,.606,2.3,2.8,.818,0.8,2.8,3.5,4.0,1.1,0.4,1.6,2.5,15.9,
P.J. Washington,27,DAL,PF,8,8,34.6,5.9,12.9,.456,1.1,4.0,.281,4.8,8.9,.535,.500,2.9,4.9,.590,1.3,7.4,8.6,2.6,0.9,1.4,3.0,2.4,15.8,
Jarrett Allen,27,CLE,C,6,6,27.5,5.7,9.5,.596,0.0,0.5,.000,5.7,9.0,.630,.596,4.3,5.3,.813,1.8,5.7,7.5,1.7,1.7,0.8,1.3,1.7,15.7,
Payton Pritchard,28,BOS,PG,9,9,31.9,5.9,13.6,.434,1.7,7.4,.224,4.2,6.1,.691,.496,1.9,2.3,.810,1.2,2.8,4.0,5.2,1.0,0.0,1.2,1.9,15.3,
Dennis Schröder,32,SAC,PG,8,8,32.8,6.0,13.6,.440,1.6,4.9,.333,4.4,8.8,.500,.500,1.6,1.8,.929,0.4,3.5,3.9,6.9,1.4,0.4,2.6,2.3,15.3,
Jabari Smith Jr.,22,HOU,PF,6,6,34.2,5.5,11.7,.471,2.2,5.5,.394,3.3,6.2,.541,.564,2.0,2.2,.923,0.8,4.2,5.0,1.5,1.2,1.0,1.0,2.3,15.2,
Russell Westbrook,37,SAC,SF,8,4,28.6,5.5,11.8,.468,2.0,4.6,.432,3.5,7.1,.491,.553,2.0,2.8,.727,1.9,5.3,7.1,5.6,1.4,0.1,2.5,2.1,15.0,
Matas Buzelis,21,CHI,PF,7,7,29.0,5.4,11.6,.469,2.0,4.7,.424,3.4,6.9,.500,.556,2.0,2.4,.824,1.0,3.6,4.6,1.1,0.9,1.0,1.9,3.4,14.9,
Trey Murphy III,25,NOP,SF,8,8,35.5,5.1,13.4,.383,2.6,7.4,.356,2.5,6.0,.417,.481,2.0,2.1,.941,1.4,5.0,6.4,3.6,1.3,0.3,1.0,2.4,14.9,
Kon Knueppel,20,CHO,SF,8,7,30.4,5.3,11.5,.457,3.1,7.6,.410,2.1,3.9,.548,.592,1.1,1.4,.818,0.5,5.3,5.8,2.3,0.5,0.0,2.1,2.4,14.8,
Aaron Nesmith,26,IND,SF,8,8,32.0,4.9,14.3,.342,2.9,8.4,.343,2.0,5.9,.340,.443,2.1,3.1,.680,1.9,3.3,5.1,1.1,0.4,0.3,0.9,2.4,14.8,
Aaron Wiggins,27,OKC,SG,9,5,27.6,5.7,12.3,.459,2.8,6.7,.417,2.9,5.7,.510,.572,0.7,1.0,.667,1.0,2.7,3.7,2.2,0.4,0.8,1.0,2.2,14.8,
Devin Vassell,25,SAS,SG,7,7,34.6,5.4,13.4,.404,2.7,8.0,.339,2.7,5.4,.500,.505,1.1,1.7,.667,0.4,3.7,4.1,2.6,0.9,0.1,1.6,2.3,14.7,
Nic Claxton,26,BRK,C,8,8,28.8,5.9,9.8,.603,0.0,0.5,.000,5.9,9.3,.635,.603,2.9,4.5,.639,3.0,4.1,7.1,3.8,1.0,0.9,1.1,2.8,14.6,
Brandon Miller,23,CHO,SF,2,2,20.0,5.0,12.5,.400,1.0,5.5,.182,4.0,7.0,.571,.440,3.5,5.0,.700,0.0,0.0,0.0,4.0,0.5,0.5,1.5,2.5,14.5,
Domantas Sabonis,29,SAC,C,6,6,34.7,6.0,11.5,.522,0.3,1.8,.182,5.7,9.7,.586,.536,2.2,3.2,.684,3.8,10.3,14.2,4.0,1.2,0.2,2.7,4.0,14.5,
Cooper Flagg,19,DAL,PG,8,8,33.0,5.1,13.0,.394,1.1,3.9,.290,4.0,9.1,.438,.438,3.0,3.0,1.000,0.9,5.8,6.6,2.8,1.1,0.6,2.1,2.6,14.4,
Walker Kessler,24,UTA,C,5,5,30.8,5.2,7.4,.703,1.2,1.6,.750,4.0,5.8,.690,.784,2.8,4.0,.700,4.6,6.2,10.8,3.0,1.4,1.8,3.2,4.4,14.4,
Cedric Coward,22,MEM,SG,9,0,26.3,4.9,9.1,.537,1.6,3.8,.412,3.3,5.3,.625,.622,3.0,3.3,.900,1.3,4.1,5.4,2.7,1.1,0.3,1.2,2.2,14.3,
Anfernee Simons,26,BOS,SG,9,0,26.9,5.2,12.7,.412,2.8,7.3,.379,2.4,5.3,.458,.522,1.1,1.3,.833,0.4,1.6,2.0,1.6,0.7,0.2,1.0,2.2,14.3,
Derrick White,31,BOS,SG,9,9,31.9,4.8,14.9,.321,2.4,9.0,.272,2.3,5.9,.396,.403,2.1,2.6,.826,0.7,3.0,3.7,4.7,1.8,1.2,1.0,1.6,14.1,
Dylan Harper,19,SAS,SG,6,0,23.3,5.3,10.7,.500,0.8,2.3,.357,4.5,8.3,.540,.539,2.5,3.0,.833,0.8,3.2,4.0,3.8,0.7,0.0,1.8,3.0,14.0,
Obi Toppin,27,IND,PF,3,0,27.3,5.0,12.0,.417,1.0,5.7,.176,4.0,6.3,.632,.458,3.0,3.0,1.000,1.0,5.7,6.7,1.7,1.0,0.0,2.0,2.3,14.0,
Desmond Bane,27,ORL,SG,8,8,29.0,5.1,12.4,.414,1.3,4.4,.286,3.9,8.0,.484,.465,2.4,2.8,.864,1.4,2.5,3.9,3.5,0.5,0.3,2.4,3.6,13.9,
Onyeka Okongwu,25,ATL,C,8,2,29.1,5.0,9.4,.533,1.4,3.4,.407,3.6,6.0,.604,.607,2.5,3.9,.645,1.8,6.6,8.4,2.4,0.5,1.0,1.0,3.8,13.9,
Ausar Thompson,23,DET,SF,8,8,27.9,5.6,11.4,.495,0.4,1.5,.250,5.3,9.9,.532,.511,2.3,4.5,.500,2.3,4.6,6.9,3.3,1.5,0.8,1.4,3.1,13.9,
Tobias Harris,33,DET,PF,6,6,32.2,4.7,11.8,.394,1.3,4.7,.286,3.3,7.2,.465,.451,2.8,3.0,.944,0.8,5.2,6.0,2.8,0.8,0.2,1.3,3.0,13.5,
Jeremiah Fears,19,NOP,PG,8,6,25.3,5.3,12.0,.438,1.1,3.8,.300,4.1,8.3,.500,.484,1.6,2.0,.813,0.8,2.1,2.9,3.3,1.4,0.0,2.1,2.1,13.3,
Ivica Zubac,28,LAC,C,7,7,29.0,5.7,9.7,.588,0.0,0.0,,5.7,9.7,.588,.588,1.7,2.1,.800,2.9,6.9,9.7,2.4,0.4,1.1,2.0,2.4,13.1,
Moses Moody,23,GSW,SG,7,1,23.4,3.9,8.1,.474,3.0,5.9,.512,0.9,2.3,.375,.658,2.3,2.7,.842,0.3,2.6,2.9,1.6,0.9,1.1,1.4,1.9,13.0,
Immanuel Quickley,26,TOR,PG,8,8,30.5,4.3,11.1,.382,1.5,5.4,.279,2.8,5.8,.478,.449,3.0,3.9,.774,0.8,3.4,4.1,6.4,1.4,0.0,1.8,2.3,13.0,
D'Angelo Russell,29,DAL,PG,8,1,22.8,4.0,11.1,.360,1.8,5.6,.311,2.3,5.5,.409,.438,3.3,4.4,.743,0.4,2.6,3.0,5.6,0.5,0.3,2.1,1.8,13.0,
Kevin Huerter,27,CHI,SF,7,0,24.9,4.6,9.3,.492,1.4,4.6,.313,3.1,4.7,.667,.569,2.3,2.6,.889,0.7,3.6,4.3,2.6,0.9,1.1,1.7,2.1,12.9,
Keldon Johnson,26,SAS,SF,7,0,24.1,4.9,7.6,.642,1.0,2.1,.467,3.9,5.4,.711,.708,2.1,2.9,.750,2.1,2.6,4.7,1.1,0.6,0.0,0.6,2.1,12.9,
Kyle Kuzma,30,MIL,PF,7,1,23.0,4.9,9.1,.531,0.6,2.6,.222,4.3,6.6,.652,.563,2.6,3.1,.818,0.6,3.6,4.1,1.3,0.6,0.6,1.7,1.9,12.9,
Max Christie,22,DAL,SG,8,5,30.0,4.4,8.4,.522,2.6,5.5,.477,1.8,2.9,.609,.679,1.3,1.6,.769,0.1,2.4,2.5,2.6,0.3,0.3,1.0,1.6,12.6,
John Collins,28,LAC,PF,7,0,24.3,4.9,8.6,.567,0.9,2.3,.375,4.0,6.3,.636,.617,2.0,2.6,.778,1.6,3.6,5.1,0.9,1.0,0.4,2.4,1.7,12.6,
Brandin Podziemski,22,GSW,SG,9,5,29.3,4.7,9.8,.477,1.8,4.8,.372,2.9,5.0,.578,.568,1.4,2.0,.722,0.7,4.2,4.9,3.6,1.2,0.2,1.3,2.2,12.6,
Gary Trent Jr.,27,MIL,SG,8,8,28.8,4.1,10.3,.402,2.9,7.6,.377,1.3,2.6,.476,.543,1.5,2.1,.706,0.0,1.9,1.9,2.8,1.3,0.0,0.8,2.8,12.6,
Christian Braun,24,DEN,SG,7,7,31.6,4.9,9.9,.493,0.4,2.4,.176,4.4,7.4,.596,.514,2.3,2.9,.800,2.0,2.4,4.4,3.1,0.9,0.4,1.1,2.9,12.4,
Toumani Camara,25,POR,PF,8,8,33.0,4.5,10.6,.424,2.0,5.9,.340,2.5,4.8,.526,.518,1.4,2.0,.688,2.0,3.0,5.0,3.3,1.3,0.5,1.5,3.5,12.4,
Tari Eason,24,HOU,PF,7,1,25.7,4.6,9.0,.508,2.7,4.9,.559,1.9,4.1,.448,.659,0.4,0.7,.600,0.9,4.3,5.1,2.0,0.9,0.7,2.0,1.7,12.3,
A.J. Green,26,MIL,SG,8,8,27.0,4.0,7.0,.571,3.4,6.4,.529,0.6,0.6,1.000,.813,0.9,1.4,.636,0.0,2.3,2.3,1.1,0.3,0.0,0.9,3.6,12.3,
Jake LaRavia,24,LAL,PF,9,4,30.4,4.6,8.2,.554,1.4,3.6,.406,3.1,4.7,.667,.642,1.6,2.8,.560,1.4,3.8,5.2,2.8,1.4,0.1,1.3,2.8,12.1,
Royce O'Neale,32,PHO,SF,8,5,32.1,4.3,9.8,.436,3.4,8.1,.415,0.9,1.6,.538,.609,0.3,0.5,.500,1.4,4.4,5.8,3.3,1.6,0.1,1.9,2.9,12.1,
Mark Williams,24,PHO,C,7,4,24.9,4.9,8.4,.576,0.0,0.0,,4.9,8.4,.576,.576,2.4,3.4,.708,3.6,6.4,10.0,1.0,1.1,1.0,0.7,2.7,12.1,
Daniel Gafford,27,DAL,C,3,3,22.3,5.0,6.7,.750,0.0,0.0,,5.0,6.7,.750,.750,2.0,2.0,1.000,2.7,2.7,5.3,1.3,1.3,1.7,0.7,2.7,12.0,
Tristan Da Silva,24,ORL,SF,8,0,21.4,4.1,8.4,.493,1.9,4.5,.417,2.3,3.9,.581,.604,1.8,2.0,.875,0.9,2.1,3.0,1.1,1.3,0.1,1.0,0.9,11.9,
Terance Mann,29,BRK,SG,8,8,27.9,4.6,8.8,.529,1.1,3.4,.333,3.5,5.4,.651,.593,1.5,1.9,.800,2.0,1.6,3.6,3.4,1.4,0.0,0.8,3.6,11.9,
Simone Fontecchio,30,MIA,SF,8,0,19.9,4.0,7.9,.508,2.6,5.1,.512,1.4,2.8,.500,.675,1.1,1.4,.818,0.6,1.9,2.5,1.4,0.6,0.3,1.1,2.3,11.8,
Quenton Jackson,27,IND,PG,5,3,20.2,4.0,7.4,.541,1.2,2.4,.500,2.8,5.0,.560,.622,2.6,3.6,.722,1.0,2.4,3.4,3.6,1.0,0.2,1.2,2.0,11.8,
Naz Reid,26,MIN,C,8,0,22.9,4.4,9.6,.455,1.6,4.5,.361,2.8,5.1,.537,.539,1.4,2.1,.647,1.4,3.9,5.3,1.5,0.8,0.9,1.6,2.6,11.8,
Santi Aldama,25,MEM,PF,9,0,24.7,4.7,10.8,.433,1.2,4.3,.282,3.4,6.4,.534,.490,1.0,1.8,.563,2.0,4.8,6.8,2.1,1.2,0.6,1.2,1.3,11.6,
Anthony Black,22,ORL,PG,8,1,26.1,4.1,8.5,.485,1.0,3.3,.308,3.1,5.3,.595,.544,2.4,3.4,.704,0.6,2.5,3.1,2.4,0.9,0.9,2.6,2.1,11.6,
Tre Johnson,19,WAS,SG,8,0,25.5,4.3,10.3,.415,2.0,5.5,.364,2.3,4.8,.474,.512,1.1,1.1,1.000,0.6,2.5,3.1,1.5,0.3,0.8,1.5,2.1,11.6,
Tre Jones,26,CHI,PG,7,7,29.4,4.0,8.1,.491,0.9,1.4,.600,3.1,6.7,.468,.544,2.7,3.1,.864,0.7,2.7,3.4,5.7,2.3,0.3,1.9,1.9,11.6,
CJ McCollum,34,WAS,SG,8,8,27.3,4.0,12.1,.330,2.0,6.1,.327,2.0,6.0,.333,.412,1.6,2.0,.813,0.8,2.3,3.0,3.5,0.5,0.0,1.0,2.0,11.6,
Isaiah Stewart,24,DET,C,8,2,24.8,4.3,9.0,.472,1.4,3.5,.393,2.9,5.5,.523,.549,1.6,2.5,.650,2.5,4.6,7.1,1.6,0.3,2.4,0.9,3.1,11.5,
Derrick Jones Jr.,28,LAC,SF,7,7,24.4,4.4,7.1,.620,1.9,4.1,.448,2.6,3.0,.857,.750,0.7,1.0,.714,1.0,1.7,2.7,1.0,0.6,1.0,0.7,2.3,11.4,
Jarace Walker,22,IND,PF,8,5,30.9,4.1,12.4,.333,1.8,5.8,.304,2.4,6.6,.358,.404,1.4,1.9,.733,0.9,5.4,6.3,4.4,0.5,0.5,1.8,2.3,11.4,
Wendell Carter Jr.,26,ORL,C,8,8,28.3,3.6,7.1,.509,1.3,2.5,.500,2.4,4.6,.514,.596,2.8,3.9,.710,3.5,4.8,8.3,1.4,0.6,0.8,1.6,4.4,11.3,
Collin Gillespie,26,PHO,PG,8,0,24.8,4.0,9.3,.432,2.8,6.6,.415,1.3,2.6,.476,.581,0.5,0.6,.800,0.8,2.8,3.5,5.3,1.3,0.8,1.5,1.1,11.3,
Tim Hardaway Jr.,33,DEN,SG,7,0,23.3,4.0,8.1,.491,2.4,5.4,.447,1.6,2.7,.579,.640,0.9,1.0,.857,0.3,1.3,1.6,1.1,0.6,0.0,0.3,1.7,11.3,
Khris Middleton,34,WAS,SF,6,6,24.8,4.3,9.0,.481,1.2,2.8,.412,3.2,6.2,.514,.546,1.5,2.3,.643,1.5,3.0,4.5,2.2,0.7,0.2,1.5,3.3,11.3,
Zaccharie Risacher,20,ATL,SF,6,6,23.5,4.3,9.8,.441,1.5,4.5,.333,2.8,5.3,.531,.517,1.2,1.3,.875,0.7,1.3,2.0,1.2,1.0,0.5,0.7,1.8,11.3,
Cole Anthony,25,MIL,PG,7,0,20.6,4.6,8.9,.516,1.1,3.4,.333,3.4,5.4,.632,.581,0.9,1.7,.500,0.6,2.7,3.3,5.1,0.7,0.6,1.7,3.9,11.1,
Saddiq Bey,26,NOP,SF,8,2,24.8,4.0,8.6,.464,2.0,4.8,.421,2.0,3.9,.516,.580,1.1,1.8,.643,1.1,3.0,4.1,1.1,0.6,0.0,0.6,0.9,11.1,
Jock Landale,30,MEM,C,9,9,23.9,4.1,7.0,.587,1.4,2.4,.591,2.7,4.6,.585,.690,1.3,1.7,.800,2.4,2.6,5.0,1.3,0.8,0.6,1.2,3.3,11.0,
Duncan Robinson,31,DET,SF,8,8,32.3,3.5,8.3,.424,2.6,6.5,.404,0.9,1.8,.500,.583,1.4,1.9,.733,0.5,2.5,3.0,1.0,0.1,0.5,0.6,2.5,11.0,
Tolu Smith,25,DET,PF,1,0,6.0,3.0,4.0,.750,0.0,0.0,,3.0,4.0,.750,.750,5.0,7.0,.714,2.0,2.0,4.0,0.0,1.0,0.0,1.0,0.0,11.0,
Jaylon Tyson,23,CLE,SG,8,6,24.9,4.0,7.9,.508,2.1,4.9,.436,1.9,3.0,.625,.643,0.6,0.9,.714,1.0,2.0,3.0,1.8,1.0,0.8,1.4,4.1,10.8,
Isaiah Hartenstein,27,OKC,C,9,9,30.0,4.6,7.1,.641,0.0,0.3,.000,4.6,6.8,.672,.641,1.6,2.3,.667,3.3,7.6,10.9,3.4,1.7,0.3,2.0,3.1,10.7,
Bilal Coulibaly,21,WAS,SG,4,4,23.8,3.5,9.5,.368,1.3,4.3,.294,2.3,5.3,.429,.434,2.3,3.3,.692,1.0,3.8,4.8,3.3,1.0,1.0,2.5,2.5,10.5,
Jalen Suggs,24,ORL,PG,6,6,19.5,3.7,6.8,.537,1.5,3.8,.391,2.2,3.0,.722,.646,1.7,1.8,.909,0.5,2.7,3.2,4.3,2.0,0.2,2.8,3.2,10.5,
Harrison Barnes,33,SAS,PF,7,7,29.7,3.3,6.9,.479,2.1,4.9,.441,1.1,2.0,.571,.635,1.7,1.7,1.000,0.9,1.7,2.6,2.7,0.7,0.3,1.4,2.3,10.4,
Moussa Diabaté,24,CHO,C,8,0,19.9,3.8,5.9,.638,0.0,0.0,,3.8,5.9,.638,.638,2.9,4.1,.697,3.4,3.5,6.9,0.6,0.5,1.1,0.6,2.4,10.4,
Ron Holland,20,DET,SF,8,0,21.8,3.8,7.9,.476,1.1,3.3,.346,2.6,4.6,.568,.548,1.8,2.0,.875,1.0,2.6,3.6,2.3,1.8,0.4,1.6,3.6,10.4,
Marcus Smart,31,LAL,SG,7,5,28.7,3.1,7.7,.407,1.0,4.3,.233,2.1,3.4,.625,.472,3.0,3.3,.913,0.4,1.9,2.3,3.4,1.7,0.3,2.4,3.3,10.3,
Ziaire Williams,24,BRK,SF,6,0,20.5,3.2,7.7,.413,2.0,5.5,.364,1.2,2.2,.538,.543,1.8,2.0,.917,1.3,1.3,2.7,0.5,1.0,0.5,0.7,3.0,10.2,
Dyson Daniels,22,ATL,SG,8,8,32.5,4.4,8.6,.507,0.3,0.6,.400,4.1,8.0,.516,.522,1.1,2.0,.563,1.0,4.8,5.8,3.8,2.5,0.5,1.9,2.6,10.1,
Kel'el Ware,21,MIA,C,8,5,20.3,3.8,6.9,.545,1.3,3.0,.417,2.5,3.9,.645,.636,1.4,1.8,.786,1.8,5.6,7.4,0.6,1.0,0.9,1.3,1.6,10.1,
Ryan Dunn,23,PHO,SF,8,8,25.0,4.1,8.4,.493,1.3,4.0,.313,2.9,4.4,.657,.567,0.5,0.8,.667,1.8,4.1,5.9,1.6,1.1,1.0,0.9,2.6,10.0,
Tre Mann,24,CHO,PG,8,0,20.9,3.8,10.1,.370,1.5,5.3,.286,2.3,4.9,.462,.444,1.0,1.1,.889,0.8,2.0,2.8,2.5,0.9,0.0,1.9,2.4,10.0,
Kevin Porter Jr.,25,MIL,PG,1,1,9.0,3.0,5.0,.600,2.0,3.0,.667,1.0,2.0,.500,.800,2.0,2.0,1.000,0.0,0.0,0.0,2.0,1.0,0.0,0.0,0.0,10.0,
Rudy Gobert,33,MIN,C,8,8,32.0,4.0,5.4,.744,0.0,0.0,,4.0,5.4,.744,.744,1.9,3.5,.536,3.3,6.5,9.8,1.5,0.4,1.3,1.5,3.0,9.9,
Herbert Jones,27,NOP,SF,8,8,29.1,3.6,8.4,.433,1.9,4.1,.455,1.8,4.3,.412,.545,0.8,1.1,.667,1.1,3.1,4.3,2.0,1.3,0.3,1.8,3.5,9.9,
Reed Sheppard,21,HOU,PG,7,0,20.0,3.6,8.6,.417,2.1,5.0,.429,1.4,3.6,.400,.542,0.6,0.9,.667,0.4,2.3,2.7,3.0,1.0,0.3,1.3,1.3,9.9,
Myles Turner,29,MIL,C,8,8,28.4,3.5,8.8,.400,1.9,5.3,.357,1.6,3.5,.464,.507,0.9,1.5,.583,1.1,5.4,6.5,2.4,0.8,2.1,1.6,2.6,9.8,
Miles McBride,25,NYK,SG,6,1,24.3,3.3,8.0,.417,2.2,5.2,.419,1.2,2.8,.412,.552,0.8,1.0,.833,1.3,1.7,3.0,2.8,1.0,0.2,0.5,2.0,9.7,
Svi Mykhailiuk,28,UTA,SF,8,8,28.3,3.5,7.6,.459,2.0,5.6,.356,1.5,2.0,.750,.590,0.5,0.6,.800,0.8,2.1,2.9,1.6,0.9,0.1,0.8,1.1,9.5,
Josh Okogie,27,HOU,SG,7,5,23.0,2.7,5.1,.528,1.7,3.3,.522,1.0,1.9,.538,.694,2.1,2.6,.833,0.7,1.1,1.9,1.6,1.0,0.1,0.4,2.1,9.3,
Collin Murray-Boyles,20,TOR,PF,6,3,21.3,3.7,7.8,.468,1.0,2.3,.429,2.7,5.5,.485,.532,0.8,1.2,.714,1.8,1.5,3.3,1.3,1.0,0.2,1.2,2.3,9.2,
Ryan Kalkbrenner,24,CHO,C,8,8,27.4,4.3,5.1,.829,0.0,0.0,,4.3,5.1,.829,.829,0.6,0.9,.714,3.3,3.9,7.1,0.6,1.3,2.4,1.6,2.4,9.1,
Josh Minott,23,BOS,PF,8,6,22.5,3.3,7.1,.456,1.1,3.5,.321,2.1,3.6,.586,.535,1.5,1.9,.800,2.4,4.1,6.5,1.5,1.5,0.5,0.5,2.6,9.1,
Neemias Queta,26,BOS,C,9,9,22.9,3.9,5.4,.714,0.0,0.2,.000,3.9,5.2,.745,.714,1.3,2.1,.632,2.8,5.3,8.1,1.7,0.9,1.3,1.1,3.1,9.1,
Will Richard,23,GSW,SG,7,1,16.7,3.1,4.9,.647,1.4,2.9,.500,1.7,2.0,.857,.794,1.4,1.9,.769,1.1,1.3,2.4,1.6,1.3,0.0,0.7,1.9,9.1,
Jalen Smith,25,CHI,C,7,0,14.7,3.3,6.9,.479,1.3,3.9,.333,2.0,3.0,.667,.573,1.3,2.0,.643,1.9,3.0,4.9,0.6,0.3,0.3,1.1,2.0,9.1,
Cam Spencer,25,MEM,SG,9,1,17.2,2.6,6.0,.426,2.3,4.9,.477,0.2,1.1,.200,.620,1.7,1.9,.882,0.1,2.1,2.2,3.2,0.7,0.0,1.1,1.3,9.1,
Jaylen Wells,22,MEM,SG,9,9,25.3,3.3,9.8,.341,1.3,5.7,.235,2.0,4.1,.486,.409,1.1,1.8,.625,1.4,2.4,3.9,1.6,0.4,0.0,0.7,2.0,9.1,
Davion Mitchell,27,MIA,PG,8,8,29.4,3.8,7.9,.476,1.0,2.8,.364,2.8,5.1,.537,.540,0.5,1.4,.364,0.6,2.0,2.6,7.9,1.0,0.1,1.6,2.8,9.0,
Nick Smith Jr.,21,LAL,SG,4,0,16.0,3.5,6.8,.519,1.5,3.0,.500,2.0,3.8,.533,.630,0.5,0.8,.667,0.0,1.3,1.3,2.5,0.3,0.3,2.0,0.8,9.0,
Kentavious Caldwell-Pope,32,MEM,SG,9,9,24.8,2.6,8.4,.303,1.2,4.0,.306,1.3,4.4,.300,.375,2.6,2.9,.885,0.3,2.3,2.7,3.7,0.8,0.3,1.4,1.1,8.9,
Jordan Clarkson,33,NYK,SG,8,0,16.0,3.1,7.4,.424,1.4,3.9,.355,1.8,3.5,.500,.517,1.3,1.4,.909,0.5,0.8,1.3,1.3,0.1,0.3,1.0,1.3,8.9,
Sam Hauser,28,BOS,PF,9,2,23.6,2.9,8.0,.361,2.8,7.2,.385,0.1,0.8,.143,.535,0.3,0.4,.750,0.8,2.2,3.0,1.4,0.6,0.3,0.9,1.2,8.9,
Cason Wallace,22,OKC,SG,8,8,30.1,3.1,7.5,.417,1.8,4.5,.389,1.4,3.0,.458,.533,0.9,1.0,.875,1.0,3.0,4.0,3.3,2.8,0.4,1.3,2.6,8.9,
Sion James,23,CHO,SG,8,3,24.3,2.9,4.6,.622,1.8,2.5,.700,1.1,2.1,.529,.811,1.3,1.4,.909,0.4,2.8,3.1,1.5,0.6,0.4,0.6,1.5,8.8,
Bobby Portis,30,MIL,PF,8,0,19.4,3.6,9.1,.397,1.3,3.6,.345,2.4,5.5,.432,.466,0.3,0.3,1.000,1.0,4.8,5.8,1.1,0.1,0.1,1.4,1.5,8.8,
Vince Williams Jr.,25,MEM,SG,4,0,17.0,2.8,6.0,.458,1.3,4.0,.313,1.5,2.0,.750,.563,2.0,2.0,1.000,0.5,2.3,2.8,2.8,1.3,0.3,1.8,2.8,8.8,
Cameron Johnson,29,DEN,SF,7,7,26.7,3.0,7.9,.382,1.1,4.1,.276,1.9,3.7,.500,.455,1.4,1.7,.833,0.6,2.4,3.0,1.4,0.4,0.1,0.7,2.9,8.6,
Patrick Williams,24,CHI,PF,7,0,22.4,2.9,6.3,.455,1.6,3.9,.407,1.3,2.4,.529,.580,1.3,2.0,.643,0.6,2.3,2.9,2.0,1.0,0.6,0.9,1.9,8.6,
Luke Kennard,29,ATL,SG,8,0,25.3,2.9,5.6,.511,1.3,3.0,.417,1.6,2.6,.619,.622,1.5,1.6,.923,0.5,1.6,2.1,2.0,0.9,0.1,1.5,1.8,8.5,
Sandro Mamukelashvili,26,TOR,C,8,0,17.6,3.0,5.1,.585,1.0,2.0,.500,2.0,3.1,.640,.683,1.5,1.9,.800,1.0,2.1,3.1,2.0,0.3,0.4,1.1,1.9,8.5,
Klay Thompson,35,DAL,SF,8,7,20.4,3.1,9.1,.342,1.8,6.0,.292,1.4,3.1,.440,.438,0.5,0.5,1.000,0.3,2.9,3.1,1.8,0.3,0.4,1.4,0.6,8.5,
Julian Champagnie,24,SAS,SF,7,7,29.9,2.7,6.7,.404,1.4,4.4,.323,1.3,2.3,.563,.511,1.6,2.4,.647,1.1,5.1,6.3,1.6,1.0,0.3,1.1,1.6,8.4,
Derik Queen,21,NOP,C,8,0,18.6,2.9,6.1,.469,0.0,0.4,.000,2.9,5.8,.500,.469,2.6,3.5,.750,1.6,3.9,5.5,1.3,1.3,0.5,1.5,3.0,8.4,
Trendon Watford,25,PHI,PF,5,0,19.4,3.0,5.2,.577,0.6,1.0,.600,2.4,4.2,.571,.635,1.8,2.0,.900,1.2,2.8,4.0,3.8,0.4,0.2,1.6,2.8,8.4,
Donovan Clingan,21,POR,C,8,8,24.6,3.1,6.6,.472,0.6,2.8,.227,2.5,3.9,.645,.519,1.4,1.5,.917,4.4,4.6,9.0,1.6,0.9,1.4,0.6,2.6,8.3,
Nikola Jović,22,MIA,PF,8,1,21.4,2.5,6.6,.377,1.3,3.8,.333,1.3,2.9,.435,.472,2.0,2.5,.800,0.5,3.4,3.9,2.6,0.3,0.1,1.5,2.0,8.3,
Jonas Valančiūnas,33,DEN,C,7,0,11.9,3.3,6.1,.535,0.0,0.3,.000,3.3,5.9,.561,.535,1.7,2.1,.800,1.3,3.3,4.6,1.0,0.1,0.7,1.1,2.3,8.3,
Bradley Beal,32,LAC,SG,4,4,20.5,3.0,6.3,.480,1.0,2.5,.400,2.0,3.8,.533,.560,1.0,1.5,.667,0.5,0.5,1.0,1.5,0.5,0.0,1.5,2.5,8.0,
Gradey Dick,22,TOR,SG,8,0,16.3,2.3,5.4,.419,1.1,3.1,.360,1.1,2.3,.500,.523,2.4,3.0,.792,0.5,1.9,2.4,0.3,0.4,0.0,0.1,0.6,8.0,
Darius Garland,26,CLE,PG,1,1,26.0,3.0,11.0,.273,2.0,7.0,.286,1.0,4.0,.250,.364,0.0,0.0,,1.0,1.0,2.0,4.0,0.0,0.0,3.0,3.0,8.0,
Draymond Green,35,GSW,PF,8,8,29.6,2.9,6.0,.479,1.5,3.5,.429,1.4,2.5,.550,.604,0.8,1.6,.462,0.6,5.5,6.1,6.4,0.8,0.6,2.8,3.6,8.0,
Corey Kispert,26,WAS,SF,8,0,18.3,2.9,5.9,.489,1.4,3.9,.355,1.5,2.0,.750,.606,0.9,1.4,.636,0.1,2.3,2.4,1.6,0.1,0.1,0.9,1.3,8.0,
Luke Kornet,30,SAS,C,2,0,25.0,3.5,6.0,.583,0.0,0.0,,3.5,6.0,.583,.583,1.0,2.0,.500,5.0,3.0,8.0,3.5,0.0,1.5,0.5,2.0,8.0,
Tyrese Martin,26,BRK,SG,8,2,20.9,2.9,7.5,.383,1.6,4.5,.361,1.3,3.0,.417,.492,0.6,1.0,.625,1.0,2.4,3.4,2.5,0.4,0.1,0.9,0.8,8.0,
Ben Sheppard,24,IND,SG,8,4,27.1,2.9,7.9,.365,1.0,4.3,.235,1.9,3.6,.517,.429,1.3,1.6,.769,1.1,4.1,5.3,2.4,0.5,0.3,0.8,2.5,8.0,
Josh Hart,30,NYK,SF,7,0,24.1,3.0,6.9,.438,1.1,3.3,.348,1.9,3.6,.520,.521,0.7,1.0,.714,1.9,5.0,6.9,3.6,0.6,0.0,1.6,1.4,7.9,
Isaiah Jackson,24,IND,C,8,7,18.0,3.0,5.6,.533,0.0,0.0,,3.0,5.6,.533,.533,1.9,2.1,.882,2.4,3.5,5.9,0.9,0.4,0.4,1.3,3.4,7.9,
Yves Missi,21,NOP,C,5,4,23.2,3.0,4.4,.682,0.0,0.0,,3.0,4.4,.682,.682,1.8,3.2,.563,3.4,3.2,6.6,1.4,0.2,1.2,1.6,2.2,7.8,
Buddy Hield,33,GSW,SG,9,0,16.9,2.8,6.3,.439,1.4,4.4,.325,1.3,1.9,.706,.553,0.7,0.7,1.000,0.3,1.1,1.4,1.7,0.7,0.0,0.9,1.2,7.7,
Pelle Larsson,24,MIA,SG,8,5,18.4,2.5,5.0,.500,1.0,2.9,.348,1.5,2.1,.706,.600,1.6,2.0,.813,0.4,2.0,2.4,2.3,0.6,0.0,0.8,1.5,7.6,
Brice Sensabaugh,22,UTA,SF,7,0,12.0,2.4,5.3,.459,1.1,3.4,.333,1.3,1.9,.692,.568,1.6,1.7,.917,0.0,2.3,2.3,0.7,0.4,0.1,0.7,1.7,7.6,
Marvin Bagley III,26,WAS,PF,8,0,14.5,3.1,4.3,.735,0.3,0.6,.400,2.9,3.6,.793,.765,1.0,1.6,.615,1.8,2.4,4.1,1.5,0.4,0.4,0.8,2.8,7.5,
Dominick Barlow,22,PHI,PF,2,2,25.0,2.5,5.0,.500,0.0,2.0,.000,2.5,3.0,.833,.500,2.5,3.0,.833,3.0,3.0,6.0,2.5,0.0,0.5,1.5,2.0,7.5,
Malaki Branham,22,WAS,SG,2,0,10.5,2.5,4.0,.625,0.5,2.0,.250,2.0,2.0,1.000,.688,2.0,3.0,.667,0.5,1.5,2.0,0.0,0.0,0.0,0.0,0.0,7.5,
KJ Simpson,23,CHO,PG,2,0,15.0,2.5,5.5,.455,1.0,2.5,.400,1.5,3.0,.500,.545,1.5,2.0,.750,1.5,2.0,3.5,2.0,0.5,0.0,2.5,2.5,7.5,
Cam Whitmore,21,WAS,SF,8,0,14.9,3.1,7.5,.417,0.8,2.4,.316,2.4,5.1,.463,.467,0.5,0.9,.571,0.6,1.9,2.5,0.6,1.0,0.1,1.1,0.9,7.5,
Jusuf Nurkić,31,UTA,C,8,3,21.5,2.9,7.6,.377,0.3,2.1,.118,2.6,5.5,.477,.393,1.4,2.0,.688,2.1,7.3,9.4,2.9,1.6,0.4,2.8,2.4,7.4,
Isaac Okoro,25,CHI,SG,7,7,24.0,2.9,6.7,.426,1.1,3.3,.348,1.7,3.4,.500,.511,0.6,0.7,.800,0.9,1.4,2.3,1.7,0.6,0.4,1.4,3.1,7.4,
Noah Clowney,21,BRK,PF,8,2,22.6,2.3,6.6,.340,1.3,4.9,.256,1.0,1.8,.571,.434,1.5,1.9,.800,1.1,3.0,4.1,1.5,0.4,0.0,1.6,1.4,7.3,
Brandon Williams,26,DAL,PG,6,0,14.0,2.8,5.8,.486,0.3,1.7,.200,2.5,4.2,.600,.514,1.3,2.3,.571,0.2,1.5,1.7,1.3,1.3,0.2,1.5,1.7,7.3,
Luguentz Dort,26,OKC,SF,7,7,31.9,2.4,7.7,.315,1.0,5.1,.194,1.4,2.6,.556,.380,1.3,1.4,.900,1.9,3.1,5.0,1.6,1.0,0.0,0.7,2.7,7.1,
Kris Dunn,31,LAC,PG,7,1,23.9,2.9,5.6,.513,1.0,2.3,.438,1.9,3.3,.565,.603,0.4,0.6,.750,1.1,1.9,3.0,1.4,1.7,0.1,1.4,2.3,7.1,
Keon Ellis,26,SAC,SG,8,1,19.5,2.5,5.0,.500,1.5,3.4,.444,1.0,1.6,.615,.650,0.6,1.0,.625,0.4,1.5,1.9,0.8,1.6,0.1,0.5,2.4,7.1,
Naji Marshall,28,DAL,SF,8,0,23.6,2.1,5.3,.405,0.3,1.6,.154,1.9,3.6,.517,.429,2.6,3.0,.875,0.5,3.0,3.5,2.1,1.1,0.0,0.9,2.4,7.1,
RayJ Dennis,24,IND,PG,7,0,20.1,2.4,8.3,.293,1.3,4.3,.300,1.1,4.0,.286,.371,0.9,1.0,.857,0.9,1.3,2.1,3.3,0.4,0.6,1.3,2.1,7.0,
Vit Krejci,25,ATL,PG,4,0,16.0,2.5,5.3,.476,1.5,3.5,.429,1.0,1.8,.571,.619,0.5,0.8,.667,0.5,1.3,1.8,1.0,0.5,0.0,0.5,2.0,7.0,
Brook Lopez,37,LAC,C,7,0,16.0,2.4,6.7,.362,1.9,5.1,.361,0.6,1.6,.364,.500,0.3,0.6,.500,0.6,2.4,3.0,0.3,0.4,0.9,0.9,1.4,7.0,
Landry Shamet,28,NYK,SG,8,2,17.8,2.0,5.1,.390,1.8,4.1,.424,0.3,1.0,.250,.561,1.1,1.3,.900,0.5,1.6,2.1,0.5,0.4,0.1,0.6,0.8,6.9,
Jamal Shead,23,TOR,PG,8,0,17.1,2.1,4.8,.447,1.1,2.4,.474,1.0,2.4,.421,.566,1.5,1.8,.857,0.5,1.4,1.9,5.4,0.6,0.0,1.0,2.3,6.9,
Goga Bitadze,26,ORL,C,8,0,17.4,2.8,3.6,.759,0.3,0.6,.400,2.5,3.0,.833,.793,1.0,1.5,.667,1.6,3.6,5.3,1.5,0.4,1.0,0.4,1.8,6.8,
Mike Conley,38,MIN,PG,8,4,21.5,2.0,4.9,.410,1.4,2.9,.478,0.6,2.0,.313,.551,1.4,1.4,1.000,0.4,1.9,2.3,4.3,0.8,0.4,1.4,2.1,6.8,
Jakob Poeltl,30,TOR,C,5,5,22.4,3.4,5.6,.607,0.0,0.0,,3.4,5.6,.607,.607,0.0,1.0,.000,2.6,3.4,6.0,1.8,0.2,0.4,1.6,4.2,6.8,
Jalen Wilson,25,BRK,PF,7,0,17.9,2.0,4.6,.438,1.3,3.1,.409,0.7,1.4,.500,.578,1.4,1.9,.769,0.0,0.9,0.9,0.9,0.1,0.0,0.7,1.6,6.7,
Jose Alvarado,27,NOP,PG,7,0,18.1,2.3,5.1,.444,1.6,3.6,.440,0.7,1.6,.455,.597,0.4,0.6,.750,0.4,2.4,2.9,2.0,1.0,0.0,0.6,1.0,6.6,
Kyle Filipowski,22,UTA,C,8,5,18.9,2.4,6.3,.380,0.9,2.8,.318,1.5,3.5,.429,.450,1.0,1.5,.667,1.4,3.0,4.4,2.3,0.3,0.4,1.1,3.0,6.6,
Steven Adams,32,HOU,C,6,2,22.5,2.3,3.5,.667,0.0,0.0,,2.3,3.5,.667,.667,1.8,2.3,.786,5.0,4.5,9.5,1.7,1.0,0.7,1.3,2.3,6.5,
Kyle Anderson,32,UTA,SF,2,0,18.5,2.5,5.0,.500,0.0,0.0,,2.5,5.0,.500,.500,1.5,2.5,.600,0.5,1.0,1.5,2.5,0.5,0.0,1.0,2.0,6.5,
Mouhamed Gueye,23,ATL,PF,8,1,15.5,2.6,4.8,.553,0.8,2.4,.316,1.9,2.4,.789,.632,0.5,1.1,.444,1.1,2.6,3.8,0.9,0.1,0.9,0.8,2.0,6.5,
Dalton Knecht,24,LAL,SF,8,1,18.4,2.6,6.1,.429,0.8,3.5,.214,1.9,2.6,.714,.490,0.5,0.6,.800,0.3,1.4,1.6,0.6,0.5,0.5,0.8,1.8,6.5,
Bruce Brown,29,DEN,SG,7,0,20.4,2.6,5.4,.474,0.9,1.9,.462,1.7,3.6,.480,.553,0.4,0.7,.600,1.3,2.9,4.1,1.9,0.9,0.3,1.1,2.6,6.4,
Alex Caruso,31,OKC,SG,5,0,21.2,2.2,6.0,.367,1.6,4.4,.364,0.6,1.6,.375,.500,0.4,0.4,1.000,0.2,1.6,1.8,2.2,2.0,0.6,0.6,1.2,6.4,
Walter Clayton,22,UTA,PG,8,0,17.0,2.3,5.1,.439,0.9,2.5,.350,1.4,2.6,.524,.524,0.9,0.9,1.000,0.6,1.9,2.5,3.5,0.6,0.0,1.4,2.0,6.3,
Mac McClung,27,IND,SG,3,0,11.3,2.3,6.0,.389,0.7,3.3,.200,1.7,2.7,.625,.444,1.0,1.3,.750,0.0,1.3,1.3,0.3,1.7,0.3,0.7,2.0,6.3,
Day'Ron Sharpe,24,BRK,C,8,0,16.1,2.4,3.9,.613,0.3,0.9,.286,2.1,3.0,.708,.645,1.3,2.1,.588,2.5,2.9,5.4,1.6,1.0,0.6,2.1,2.4,6.3,
Caris LeVert,31,DET,SG,5,0,19.0,2.2,6.0,.367,0.8,2.6,.308,1.4,3.4,.412,.433,1.0,1.8,.556,0.0,1.2,1.2,1.8,0.8,0.0,1.6,1.6,6.2,
Taurean Prince,31,MIL,SF,8,0,21.1,2.1,4.8,.447,1.5,3.5,.429,0.6,1.3,.500,.605,0.4,0.4,1.000,0.0,1.6,1.6,1.0,0.8,0.3,0.6,2.5,6.1,
Jamison Battle,24,TOR,SF,6,0,8.0,2.2,2.8,.765,1.7,2.2,.769,0.5,0.7,.750,1.059,0.0,0.0,,0.2,1.0,1.2,0.2,0.2,0.2,0.5,0.8,6.0,
Jaxson Hayes,25,LAL,C,6,1,18.3,2.7,3.5,.762,0.2,0.2,1.000,2.5,3.3,.750,.786,0.5,1.2,.429,1.2,3.3,4.5,1.8,0.3,0.5,0.5,2.2,6.0,
Lindy Waters III,28,SAS,SG,1,0,14.0,2.0,2.0,1.000,2.0,2.0,1.000,0.0,0.0,,1.500,0.0,0.0,,0.0,1.0,1.0,0.0,0.0,0.0,0.0,1.0,6.0,
Blake Wesley,22,POR,SG,6,0,16.3,2.3,5.7,.412,0.3,1.7,.200,2.0,4.0,.500,.441,1.0,1.7,.600,0.3,2.0,2.3,3.2,1.7,0.2,1.2,2.3,6.0,
Andre Drummond,32,PHI,C,7,0,16.7,2.4,4.0,.607,0.3,0.9,.333,2.1,3.1,.682,.643,0.7,1.6,.455,2.7,4.9,7.6,0.6,0.9,1.0,0.3,2.0,5.9,
Dean Wade,29,CLE,PF,8,1,21.5,1.8,4.9,.359,1.3,3.9,.323,0.5,1.0,.500,.487,1.1,1.5,.750,0.9,2.6,3.5,1.5,0.8,0.4,0.3,1.9,5.9,
Bub Carrington,20,WAS,PG,8,4,27.3,1.9,5.9,.319,1.0,2.3,.444,0.9,3.6,.241,.404,0.9,1.3,.700,0.3,3.9,4.1,4.3,0.9,0.1,2.5,2.9,5.6,
Nique Clifford,23,SAC,SG,4,2,22.8,2.3,5.3,.429,0.8,2.0,.375,1.5,3.3,.462,.500,0.3,0.5,.500,1.3,2.5,3.8,2.0,0.8,0.8,0.5,3.3,5.5,
Kris Murray,25,POR,SF,7,0,22.3,2.3,4.6,.500,0.4,1.7,.250,1.9,2.9,.650,.547,0.4,0.6,.750,1.0,1.6,2.6,1.0,1.3,0.3,0.9,2.0,5.4,
Dru Smith,28,MIA,SG,8,0,16.9,2.3,4.8,.474,0.9,2.4,.368,1.4,2.4,.579,.566,0.0,0.0,,0.6,0.9,1.5,3.6,1.6,0.3,1.1,1.5,5.4,
Peyton Watson,23,DEN,SF,7,0,20.0,1.7,3.9,.444,0.3,1.1,.250,1.4,2.7,.526,.481,1.7,2.0,.857,1.1,2.6,3.7,1.9,0.9,1.3,1.3,1.3,5.4,
Egor Demin,19,BRK,PG,7,0,18.9,1.7,5.1,.333,1.4,4.4,.323,0.3,0.7,.400,.472,0.4,0.6,.750,0.6,2.4,3.0,2.6,1.0,0.3,1.6,1.9,5.3,
Dereck Lively II,21,DAL,C,3,3,17.0,2.3,3.0,.778,0.0,0.0,,2.3,3.0,.778,.778,0.7,1.3,.500,1.3,3.7,5.0,3.0,0.7,1.3,1.7,3.0,5.3,
Ace Bailey,19,UTA,SF,8,0,17.8,2.0,6.3,.320,0.3,1.9,.133,1.8,4.4,.400,.340,0.9,1.0,.875,1.4,1.6,3.0,1.4,0.3,0.1,1.1,1.9,5.1,
Drew Eubanks,28,SAC,C,8,2,15.1,2.1,3.5,.607,0.0,0.1,.000,2.1,3.4,.630,.607,0.9,2.0,.438,0.5,2.5,3.0,0.3,0.6,1.1,1.0,1.3,5.1,
Luka Garza,27,BOS,C,8,0,13.0,1.6,3.6,.448,0.5,1.6,.308,1.1,2.0,.563,.517,1.4,1.6,.846,2.0,1.4,3.4,0.9,0.4,0.4,0.5,2.9,5.1,
Jay Huff,27,IND,C,8,1,14.4,1.8,4.5,.389,0.9,3.3,.269,0.9,1.3,.700,.486,0.8,0.8,1.000,0.8,1.4,2.1,0.8,0.1,1.5,0.5,1.5,5.1,
Craig Porter Jr.,25,CLE,PG,8,0,18.0,2.0,4.0,.500,0.8,2.0,.375,1.3,2.0,.625,.594,0.4,0.9,.429,1.4,2.0,3.4,2.4,1.1,0.3,1.0,0.8,5.1,
Jaylin Williams,23,OKC,PF,9,1,17.8,1.8,5.1,.348,1.2,4.6,.268,0.6,0.6,1.000,.467,0.3,0.4,.750,0.7,4.1,4.8,2.2,0.8,0.7,0.7,1.8,5.1,
Lonzo Ball,28,CLE,PG,7,1,24.1,1.7,5.9,.293,1.1,4.4,.258,0.6,1.4,.400,.390,0.4,0.7,.600,1.1,2.7,3.9,5.7,1.0,0.1,2.6,1.4,5.0,
Tony Bradley,28,IND,C,8,0,12.3,2.0,3.0,.667,0.0,0.1,.000,2.0,2.9,.696,.667,1.0,1.6,.615,2.1,1.3,3.4,0.4,0.3,0.3,0.3,2.0,5.0,
Jordan Goodwin,27,PHO,PG,5,0,14.4,1.6,4.2,.381,1.0,3.0,.333,0.6,1.2,.500,.500,0.8,1.0,.800,0.6,1.8,2.4,1.4,1.2,0.2,1.8,1.6,5.0,
Matisse Thybulle,28,POR,SG,4,0,12.3,1.5,2.5,.600,1.0,1.5,.667,0.5,1.0,.500,.800,1.0,1.0,1.000,0.0,1.0,1.0,0.8,2.5,0.0,0.3,1.8,5.0,
Javon Small,23,MEM,PG,7,0,14.1,1.4,4.0,.357,0.9,2.7,.316,0.6,1.3,.444,.464,1.1,1.4,.800,0.1,1.0,1.1,3.1,0.0,0.1,1.1,1.0,4.9,
Rob Dillingham,21,MIN,PG,6,0,12.8,2.0,4.7,.429,0.2,0.7,.250,1.8,4.0,.458,.446,0.7,0.8,.800,0.0,0.7,0.7,2.7,0.8,0.0,1.7,1.7,4.8,
Javonte Green,32,DET,SG,8,0,17.4,1.6,5.0,.325,0.9,2.5,.350,0.8,2.5,.300,.413,0.6,0.9,.714,0.6,2.0,2.6,1.0,1.0,0.4,0.3,1.4,4.8,
Oso Ighodaro,23,PHO,PF,8,4,17.8,2.1,4.5,.472,0.0,0.0,,2.1,4.5,.472,.472,0.5,1.0,.500,0.3,3.1,3.4,1.3,0.1,0.6,1.6,3.1,4.8,
Duop Reath,29,POR,C,5,0,8.8,1.6,3.0,.533,1.6,2.8,.571,0.0,0.2,.000,.800,0.0,0.0,,0.0,0.2,0.2,0.8,0.0,0.2,0.0,0.4,4.8,
Jarred Vanderbilt,26,LAL,PF,9,2,19.4,1.7,3.7,.455,0.1,0.9,.125,1.6,2.8,.560,.470,1.3,1.6,.857,1.4,3.8,5.2,1.6,1.2,0.4,1.4,2.0,4.8,
Jaylen Clark,24,MIN,SG,6,0,16.2,1.8,4.2,.440,0.3,1.5,.222,1.5,2.7,.563,.480,0.7,1.3,.500,1.5,1.2,2.7,1.0,0.8,0.0,0.3,2.3,4.7,
Quinten Post,25,GSW,PF,9,5,14.7,1.8,4.3,.410,1.1,3.1,.357,0.7,1.2,.545,.538,0.0,0.0,,0.7,3.1,3.8,0.9,0.4,0.8,0.8,1.4,4.7,
Olivier-Maxence Prosper,23,MEM,PF,6,0,8.2,1.3,2.2,.615,0.0,0.5,.000,1.3,1.7,.800,.615,2.0,2.0,1.000,0.8,1.5,2.3,0.2,0.2,0.0,0.5,0.3,4.7,
Clint Capela,31,HOU,C,7,0,10.9,1.7,2.4,.706,0.0,0.0,,1.7,2.4,.706,.706,1.1,1.4,.800,2.4,2.7,5.1,0.4,0.3,0.7,0.4,1.1,4.6,
Taylor Hendricks,22,UTA,PF,8,3,16.4,1.6,4.3,.382,0.5,1.8,.286,1.1,2.5,.450,.441,0.8,1.0,.750,1.9,2.6,4.5,0.4,0.3,0.3,0.6,0.5,4.5,
Al Horford,39,GSW,C,6,0,22.0,1.8,6.2,.297,0.8,4.0,.208,1.0,2.2,.462,.365,0.0,0.0,,1.0,3.5,4.5,1.3,0.7,0.5,1.5,2.0,4.5,
DeAndre Jordan,37,NOP,C,2,1,11.5,2.0,2.5,.800,0.0,0.0,,2.0,2.5,.800,.800,0.5,1.0,.500,2.0,3.0,5.0,0.0,0.0,0.0,0.5,0.5,4.5,
Larry Nance Jr.,33,CLE,PF,8,1,16.9,1.9,5.6,.333,0.6,2.5,.250,1.3,3.1,.400,.389,0.1,0.4,.333,1.0,2.9,3.9,1.5,0.5,0.1,0.6,3.1,4.5,
Nick Richards,28,PHO,C,8,0,8.9,1.6,3.1,.520,0.0,0.0,,1.6,3.1,.520,.520,1.3,1.3,1.000,1.1,1.8,2.9,0.4,0.3,0.4,0.9,1.5,4.5,
Bogdan Bogdanović,33,LAC,SG,3,2,21.0,1.3,5.7,.235,0.7,3.7,.182,0.7,2.0,.333,.294,1.0,1.3,.750,0.7,3.3,4.0,1.7,0.7,0.0,2.0,1.3,4.3,
Asa Newell,20,ATL,PF,4,0,7.8,1.5,3.3,.462,1.0,1.8,.571,0.5,1.5,.333,.615,0.3,0.5,.500,1.8,0.8,2.5,0.3,0.0,0.0,0.5,1.8,4.3,
Justin Edwards,22,PHI,SF,7,1,12.1,1.6,4.1,.379,1.0,2.9,.350,0.6,1.3,.444,.500,0.0,0.0,,0.3,1.0,1.3,0.6,0.1,0.1,0.3,2.3,4.1,
Precious Achiuwa,26,SAC,C,1,0,9.0,2.0,2.0,1.000,0.0,0.0,,2.0,2.0,1.000,1.000,0.0,0.0,,1.0,2.0,3.0,0.0,0.0,1.0,1.0,0.0,4.0,
Koby Brea,23,PHO,SG,1,0,4.0,1.0,2.0,.500,0.0,1.0,.000,1.0,1.0,1.000,.500,2.0,2.0,1.000,0.0,0.0,0.0,1.0,0.0,0.0,0.0,0.0,4.0,
Eric Gordon,37,PHI,SG,2,0,8.0,1.5,2.0,.750,1.0,1.5,.667,0.5,0.5,1.000,1.000,0.0,0.0,,0.0,0.0,0.0,0.0,0.5,0.0,0.5,0.5,4.0,
Jaden Hardy,23,DAL,SG,7,0,10.0,1.3,4.0,.321,0.9,2.4,.353,0.4,1.6,.273,.429,0.6,0.7,.800,0.0,1.0,1.0,0.3,0.4,0.0,0.3,0.9,4.0,
Jordan Hawkins,23,NOP,SG,7,0,14.4,1.4,5.3,.270,0.6,2.7,.211,0.9,2.6,.333,.324,0.6,0.6,1.000,0.6,1.3,1.9,0.7,0.3,0.0,0.1,0.4,4.0,
Andrew Nembhard,26,IND,PG,1,1,17.0,0.0,5.0,.000,0.0,2.0,.000,0.0,3.0,.000,.000,4.0,4.0,1.000,0.0,1.0,1.0,4.0,0.0,0.0,2.0,2.0,4.0,
Kelly Olynyk,34,SAS,C,1,0,9.0,2.0,2.0,1.000,0.0,0.0,,2.0,2.0,1.000,1.000,0.0,0.0,,2.0,2.0,4.0,3.0,0.0,0.0,1.0,3.0,4.0,
Mitchell Robinson,27,NYK,C,3,3,16.3,2.0,3.7,.545,0.0,0.0,,2.0,3.7,.545,.545,0.0,0.3,.000,6.3,2.3,8.7,1.3,0.3,1.7,0.7,1.7,4.0,
Mark Sears,23,MIL,PG,2,0,6.0,0.5,2.0,.250,0.5,1.0,.500,0.0,1.0,.000,.375,2.5,3.0,.833,0.0,0.0,0.0,0.0,0.0,0.0,0.5,1.0,4.0,
James Wiseman,24,IND,C,1,1,20.0,2.0,3.0,.667,0.0,0.0,,2.0,3.0,.667,.667,0.0,0.0,,4.0,0.0,4.0,0.0,0.0,1.0,3.0,2.0,4.0,
Bones Hyland,25,MIN,PG,8,0,10.6,1.5,3.5,.429,0.8,2.4,.316,0.8,1.1,.667,.536,0.1,0.3,.500,0.1,0.9,1.0,1.5,0.5,0.0,1.0,1.5,3.9,
Terrence Shannon Jr.,25,MIN,SG,7,0,16.4,1.3,4.0,.321,0.6,1.6,.364,0.7,2.4,.294,.393,0.7,1.0,.714,0.4,2.0,2.4,1.1,0.6,0.0,0.9,1.6,3.9,
Yanic Konan Niederhauser,22,LAC,C,4,0,5.0,1.3,1.5,.833,0.0,0.0,,1.3,1.5,.833,.833,1.3,2.0,.625,0.8,0.5,1.3,0.5,0.0,0.0,0.3,0.5,3.8,
John Konchar,29,MEM,SG,7,0,13.7,1.4,2.4,.588,0.7,1.6,.455,0.7,0.9,.833,.735,0.1,0.1,1.000,0.1,2.6,2.7,1.0,0.7,0.4,0.4,0.7,3.7,
Kevon Looney,29,NOP,C,3,2,15.3,1.7,4.7,.357,0.0,1.0,.000,1.7,3.7,.455,.357,0.3,0.7,.500,1.7,2.7,4.3,2.0,0.0,1.0,1.0,2.0,3.7,
Kevin Love,37,UTA,PF,3,0,15.0,0.7,2.7,.250,0.3,2.3,.143,0.3,0.3,1.000,.313,2.0,2.7,.750,1.3,3.7,5.0,3.7,0.0,0.0,1.3,1.3,3.7,
Paul Reed,26,DET,C,6,0,7.7,1.7,3.0,.556,0.3,0.5,.667,1.3,2.5,.533,.611,0.0,0.0,,1.0,1.0,2.0,0.3,0.5,0.5,1.0,1.7,3.7,
Gabe Vincent,29,LAL,PG,3,3,24.0,1.0,4.3,.231,0.7,3.3,.200,0.3,1.0,.333,.308,1.0,1.0,1.000,0.3,0.7,1.0,2.3,1.0,0.0,0.7,2.3,3.7,
Keaton Wallace,26,ATL,PG,7,0,11.1,1.3,2.4,.529,0.9,1.4,.600,0.4,1.0,.429,.706,0.3,0.6,.500,0.1,1.4,1.6,2.6,0.3,0.1,0.7,1.1,3.7,
Hugo González,19,BOS,SF,7,1,14.4,1.6,3.7,.423,0.4,1.1,.375,1.1,2.6,.444,.481,0.0,0.0,,0.7,1.3,2.0,0.7,0.9,0.1,0.3,2.3,3.6,
Dwight Powell,34,DAL,C,7,0,11.1,0.7,1.3,.556,0.0,0.0,,0.7,1.3,.556,.556,2.1,2.4,.882,0.9,1.3,2.1,0.6,0.3,0.3,0.7,2.4,3.6,
Charles Bassey,25,MEM,C,2,0,15.5,1.5,4.0,.375,0.0,0.0,,1.5,4.0,.375,.375,0.5,1.5,.333,3.5,4.0,7.5,1.0,0.5,0.5,0.5,2.5,3.5,
Cam Christie,20,LAC,SG,4,0,6.3,1.0,2.8,.364,0.8,1.5,.500,0.3,1.3,.200,.500,0.8,1.0,.750,0.5,1.0,1.5,0.3,0.0,0.0,0.3,0.0,3.5,
Daniss Jenkins,24,DET,PG,4,0,10.3,1.3,2.5,.500,0.5,0.8,.667,0.8,1.8,.429,.600,0.5,0.5,1.000,0.0,0.0,0.0,1.5,1.0,0.0,1.0,1.0,3.5,
Karlo Matković,24,NOP,PF,6,0,7.2,1.7,2.5,.667,0.0,0.2,.000,1.7,2.3,.714,.667,0.2,1.0,.167,0.8,1.2,2.0,0.3,0.0,0.3,0.2,0.8,3.5,
Ben Saraf,19,BRK,SG,6,5,15.7,1.0,4.3,.231,0.5,2.2,.231,0.5,2.2,.231,.288,1.0,1.3,.750,0.3,1.7,2.0,2.7,0.3,0.0,1.5,2.2,3.5,
Trayce Jackson-Davis,25,GSW,C,5,0,10.2,1.2,2.6,.462,0.0,0.0,,1.2,2.6,.462,.462,1.0,1.0,1.000,0.2,1.2,1.4,1.2,0.6,0.2,0.2,1.4,3.4,
Noah Penda,21,ORL,SF,5,0,9.0,1.2,2.2,.545,0.4,0.4,1.000,0.8,1.8,.444,.636,0.6,0.8,.750,1.0,1.0,2.0,1.0,0.2,0.4,0.4,1.2,3.4,
Pat Spencer,29,GSW,PG,5,0,8.6,1.4,3.6,.389,0.2,0.6,.333,1.2,3.0,.400,.417,0.4,0.4,1.000,0.4,0.8,1.2,1.2,0.6,0.0,0.4,0.8,3.4,
Jordan Walsh,21,BOS,PF,5,0,9.6,1.4,2.8,.500,0.6,1.4,.429,0.8,1.4,.571,.607,0.0,0.0,,1.0,1.2,2.2,0.4,0.4,0.0,0.0,1.4,3.4,
Pat Connaughton,33,CHO,SG,4,0,7.5,1.3,2.3,.556,0.8,1.3,.600,0.5,1.0,.500,.722,0.0,0.3,.000,0.0,0.5,0.5,0.5,0.0,0.3,0.3,0.5,3.3,
Aaron Holiday,29,HOU,PG,4,0,6.5,1.0,1.8,.571,0.5,1.0,.500,0.5,0.8,.667,.714,0.8,0.8,1.000,0.0,0.8,0.8,1.0,0.0,0.0,1.0,0.8,3.3,
Caleb Love,24,POR,SG,3,0,8.7,1.3,5.0,.267,0.7,3.0,.222,0.7,2.0,.333,.333,0.0,0.0,,0.3,2.3,2.7,2.0,0.0,0.0,0.3,0.0,3.3,
Ryan Nembhard,22,DAL,PG,3,0,9.0,1.3,3.0,.444,0.0,0.7,.000,1.3,2.3,.571,.444,0.7,0.7,1.000,0.3,0.0,0.3,1.7,0.0,0.0,1.7,0.7,3.3,
Jalen Pickett,26,DEN,SG,3,0,5.3,1.3,2.3,.571,0.3,1.3,.250,1.0,1.0,1.000,.643,0.3,0.3,1.000,0.3,0.3,0.7,1.0,0.0,0.0,0.3,0.3,3.3,
Jeremiah Robinson-Earl,25,IND,PF,3,0,12.0,1.3,4.0,.333,0.3,1.0,.333,1.0,3.0,.333,.375,0.3,0.3,1.000,2.7,3.0,5.7,0.7,0.3,0.0,0.0,0.3,3.3,
Julian Strawther,23,DEN,SG,4,0,5.5,1.0,2.5,.400,0.5,1.5,.333,0.5,1.0,.500,.500,0.8,1.5,.500,0.0,1.0,1.0,0.5,0.0,0.0,0.5,0.3,3.3,
Robert Williams,28,POR,C,3,0,10.0,1.7,2.3,.714,0.0,0.3,.000,1.7,2.0,.833,.714,0.0,0.3,.000,1.7,1.7,3.3,1.0,0.3,0.3,0.0,1.3,3.3,
Ja'Kobe Walter,21,TOR,SG,5,0,12.0,0.8,2.6,.308,0.6,2.2,.273,0.2,0.4,.500,.423,1.0,1.0,1.000,0.6,1.2,1.8,0.8,0.4,0.2,0.6,1.8,3.2,
Justin Champagnie,24,WAS,SF,7,2,8.1,0.9,2.1,.400,0.3,0.9,.333,0.6,1.3,.444,.467,1.1,1.3,.889,1.4,1.0,2.4,0.3,0.1,0.0,0.1,1.0,3.1,
Tidjane Salaün,20,CHO,PF,7,0,11.9,1.0,2.7,.368,0.6,1.7,.333,0.4,1.0,.429,.474,0.6,0.9,.667,0.7,2.9,3.6,0.7,0.3,0.1,0.4,1.1,3.1,
Ochai Agbaji,25,TOR,SG,8,0,13.8,1.1,3.0,.375,0.1,1.4,.091,1.0,1.6,.615,.396,0.6,1.0,.625,0.3,1.9,2.1,0.8,0.6,0.1,0.4,1.8,3.0,
Carter Bryant,20,SAS,PF,5,0,7.6,1.0,2.8,.357,0.4,1.2,.333,0.6,1.6,.375,.429,0.6,0.6,1.000,0.0,0.8,0.8,0.0,0.4,0.2,0.6,0.8,3.0,
Myron Gardner,24,MIA,SF,1,0,3.0,1.0,1.0,1.000,1.0,1.0,1.000,0.0,0.0,,1.500,0.0,0.0,,0.0,1.0,1.0,1.0,0.0,0.0,0.0,2.0,3.0,
Jeff Green,39,HOU,PF,3,0,4.3,1.0,1.3,.750,1.0,1.3,.750,0.0,0.0,,1.125,0.0,0.0,,0.3,0.0,0.3,0.0,0.0,0.3,0.0,0.3,3.0,
Elijah Harkless,25,UTA,SG,4,0,13.8,1.0,2.8,.364,0.5,1.8,.286,0.5,1.0,.500,.455,0.5,0.8,.667,0.5,0.8,1.3,1.0,0.8,0.0,0.8,2.3,3.0,
David Jones García,24,SAS,SF,3,0,3.7,1.3,2.3,.571,0.0,0.0,,1.3,2.3,.571,.571,0.3,1.0,.333,0.7,0.3,1.0,1.3,0.0,0.0,0.0,0.7,3.0,
E.J. Liddell,25,BRK,PF,2,0,4.5,1.0,2.5,.400,0.5,2.0,.250,0.5,0.5,1.000,.500,0.5,0.5,1.000,0.5,2.0,2.5,0.0,0.0,0.0,0.0,0.0,3.0,
Kyle Lowry,39,PHI,PG,1,0,3.0,1.0,1.0,1.000,1.0,1.0,1.000,0.0,0.0,,1.500,0.0,0.0,,0.0,0.0,0.0,1.0,1.0,0.0,0.0,0.0,3.0,
Riley Minix,25,SAS,SF,3,0,2.7,1.3,2.0,.667,0.3,1.0,.333,1.0,1.0,1.000,.750,0.0,0.0,,0.3,0.3,0.7,0.3,0.3,0.0,0.0,0.3,3.0,
Jabari Walker,23,PHI,SF,8,5,13.9,1.4,3.4,.407,0.0,0.8,.000,1.4,2.6,.524,.407,0.3,0.4,.667,1.6,1.6,3.3,0.1,0.3,0.4,0.4,2.0,3.0,
Cody Williams,21,UTA,SG,4,0,9.5,1.3,2.0,.625,0.5,1.0,.500,0.8,1.0,.750,.750,0.0,0.0,,0.3,0.8,1.0,0.5,0.0,0.3,0.8,1.5,3.0,
Xavier Tillman Sr.,27,BOS,C,7,0,8.7,1.3,2.6,.500,0.3,1.1,.250,1.0,1.4,.700,.556,0.0,0.0,,1.0,1.4,2.4,0.6,0.4,0.1,0.1,1.0,2.9,
Tristan Vukcevic,22,WAS,C,7,0,5.6,1.0,2.4,.412,0.1,0.9,.167,0.9,1.6,.545,.441,0.7,1.1,.625,0.0,0.9,0.9,0.6,0.1,0.3,0.3,0.7,2.9,
Khaman Maluach,19,PHO,C,4,0,5.8,0.5,1.0,.500,0.0,0.3,.000,0.5,0.8,.667,.500,1.8,2.0,.875,0.3,0.3,0.5,0.3,0.0,0.5,0.5,1.3,2.8,
Liam McNeeley,20,CHO,SF,6,0,10.7,0.7,2.0,.333,0.3,1.2,.286,0.3,0.8,.400,.417,1.2,1.5,.778,0.3,1.2,1.5,1.3,0.2,0.0,0.7,1.2,2.8,
JD Davison,23,HOU,PG,3,0,5.7,1.0,2.0,.500,0.7,1.7,.400,0.3,0.3,1.000,.667,0.0,0.7,.000,0.0,0.0,0.0,0.7,0.3,0.3,0.0,0.3,2.7,
Johnny Furphy,21,IND,SG,3,0,12.3,1.0,2.0,.500,0.7,1.0,.667,0.3,1.0,.333,.667,0.0,0.0,,0.3,1.7,2.0,0.0,0.7,0.0,1.0,1.3,2.7,
Jordan McLaughlin,29,SAS,PG,7,0,9.1,0.9,2.6,.333,0.6,2.0,.286,0.3,0.6,.500,.444,0.4,0.4,1.000,0.3,0.3,0.6,1.3,0.9,0.0,0.3,1.0,2.7,
Nicolas Batum,37,LAC,PF,7,1,14.1,0.9,3.1,.273,0.9,2.9,.300,0.0,0.3,.000,.409,0.0,0.0,,0.7,1.9,2.6,0.9,0.7,0.4,0.4,1.9,2.6,
Branden Carlson,26,OKC,C,7,0,6.0,1.1,2.3,.500,0.3,1.0,.286,0.9,1.3,.667,.563,0.0,0.0,,0.1,1.3,1.4,0.3,0.0,0.1,0.3,0.9,2.6,
Tyler Kolek,24,NYK,PG,8,0,7.5,1.1,2.9,.391,0.4,1.6,.231,0.8,1.3,.600,.457,0.0,0.0,,0.3,0.4,0.6,1.3,0.1,0.0,0.8,1.0,2.6,
Tyrese Proctor,21,CLE,PG,7,0,10.4,1.0,3.7,.269,0.3,2.1,.133,0.7,1.6,.455,.308,0.3,0.3,1.000,0.1,0.7,0.9,1.0,0.6,0.0,0.7,1.3,2.6,
Will Riley,19,WAS,SF,7,0,7.3,1.0,2.0,.500,0.1,0.6,.250,0.9,1.4,.600,.536,0.4,0.9,.500,0.0,1.6,1.6,0.9,0.3,0.0,0.3,0.1,2.6,
Adem Bona,22,PHI,C,8,3,16.9,0.9,2.0,.438,0.0,0.1,.000,0.9,1.9,.467,.438,0.8,1.5,.500,1.5,1.8,3.3,0.4,0.5,1.6,0.9,1.8,2.5,
Chris Boucher,33,BOS,PF,6,0,10.7,1.0,3.2,.316,0.2,1.7,.100,0.8,1.5,.556,.342,0.3,0.3,1.000,0.2,1.5,1.7,0.3,0.7,0.8,0.2,2.0,2.5,
Tyus Jones,29,ORL,PG,8,1,14.1,1.1,3.3,.346,0.3,1.9,.133,0.9,1.4,.636,.385,0.0,0.0,,0.4,0.6,1.0,1.4,0.5,0.3,0.5,0.9,2.5,
Baylor Scheierman,25,BOS,SG,8,0,8.8,0.9,1.5,.583,0.6,1.3,.500,0.3,0.3,1.000,.792,0.1,0.1,1.000,0.4,1.9,2.3,0.3,0.4,0.0,0.1,0.8,2.5,
Gary Payton II,33,GSW,SG,8,0,8.8,1.1,2.3,.500,0.1,0.9,.143,1.0,1.4,.727,.528,0.0,0.0,,0.6,1.4,2.0,0.9,0.4,0.3,0.6,1.4,2.4,
PJ Hall,23,MEM,C,4,0,4.8,0.8,1.3,.600,0.3,0.5,.500,0.5,0.8,.667,.700,0.5,0.5,1.000,0.5,1.0,1.5,0.3,0.0,0.5,0.3,0.8,2.3,
Keshad Johnson,24,MIA,SF,3,0,6.7,1.0,3.7,.273,0.3,2.0,.167,0.7,1.7,.400,.318,0.0,0.0,,0.0,1.7,1.7,0.0,0.7,0.0,0.3,0.7,2.3,
Chris Paul,40,LAC,PG,7,0,13.4,0.7,3.1,.227,0.7,2.4,.294,0.0,0.7,.000,.341,0.1,0.1,1.000,0.7,1.0,1.7,3.9,1.1,0.0,1.0,1.9,2.3,
Nolan Traoré,19,BRK,PG,3,0,11.0,0.7,3.0,.222,0.7,2.0,.333,0.0,1.0,.000,.333,0.3,0.7,.500,0.0,0.3,0.3,1.3,0.7,0.0,0.7,1.7,2.3,
Chaz Lanier,24,DET,SG,5,0,6.4,0.8,2.2,.364,0.6,1.8,.333,0.2,0.4,.500,.500,0.0,0.0,,0.2,0.0,0.2,0.4,0.2,0.0,0.2,0.0,2.2,
Nigel Hayes-Davis,31,PHO,SF,8,0,9.9,1.0,2.0,.500,0.1,0.8,.167,0.9,1.3,.700,.531,0.0,0.0,,0.6,0.8,1.4,0.5,0.5,0.0,0.5,1.0,2.1,
Johni Broome,23,PHI,PF,2,0,3.0,1.0,2.5,.400,0.0,0.5,.000,1.0,2.0,.500,.400,0.0,0.0,,1.0,0.0,1.0,0.5,0.0,0.0,0.0,0.0,2.0,
Hunter Dickinson,25,NOP,C,1,0,5.0,1.0,2.0,.500,0.0,0.0,,1.0,2.0,.500,.500,0.0,0.0,,0.0,0.0,0.0,0.0,0.0,1.0,2.0,2.0,2.0,
Jonathan Isaac,28,ORL,PF,7,0,8.4,0.7,2.0,.357,0.1,1.3,.111,0.6,0.7,.800,.393,0.4,0.9,.500,0.3,1.7,2.0,0.1,0.4,0.6,0.3,0.6,2.0,
Colby Jones,23,DET,SG,1,0,7.0,1.0,3.0,.333,0.0,2.0,.000,1.0,1.0,1.000,.333,0.0,0.0,,0.0,4.0,4.0,2.0,0.0,0.0,0.0,1.0,2.0,
Bobi Klintman,22,DET,SF,1,0,7.0,1.0,2.0,.500,0.0,0.0,,1.0,2.0,.500,.500,0.0,1.0,.000,1.0,2.0,3.0,0.0,2.0,0.0,0.0,0.0,2.0,
Isaiah Livers,27,PHO,PF,5,0,8.8,0.6,1.8,.333,0.4,1.6,.250,0.2,0.2,1.000,.444,0.4,0.4,1.000,0.4,0.2,0.6,0.4,0.4,0.4,0.2,0.6,2.0,
Cody Martin,30,IND,,1,0,8.0,1.0,3.0,.333,0.0,2.0,.000,1.0,1.0,1.000,.333,0.0,0.0,,0.0,4.0,4.0,0.0,1.0,0.0,0.0,1.0,2.0,
Zeke Nnaji,25,DEN,PF,3,0,3.7,0.7,1.3,.500,0.0,0.7,.000,0.7,0.7,1.000,.500,0.7,0.7,1.000,0.3,0.0,0.3,0.3,0.0,0.0,0.3,1.3,2.0,
Micah Peavy,24,NOP,SG,4,0,9.0,0.8,2.5,.300,0.3,1.0,.250,0.5,1.5,.333,.350,0.3,0.5,.500,0.8,1.0,1.8,0.8,0.3,0.0,0.3,0.8,2.0,
Taelon Peter,23,IND,SG,6,0,9.7,0.5,1.8,.273,0.5,1.7,.300,0.0,0.2,.000,.409,0.5,0.5,1.000,0.3,0.7,1.0,1.0,0.2,0.2,0.7,0.5,2.0,
Drake Powell,20,BRK,SG,2,0,6.0,1.0,1.0,1.000,0.0,0.0,,1.0,1.0,1.000,1.000,0.0,0.0,,0.0,1.0,1.0,0.5,0.5,0.0,0.5,2.0,2.0,
Maxime Raynaud,22,SAC,C,3,0,10.3,0.3,1.7,.200,0.0,0.3,.000,0.3,1.3,.250,.200,1.3,1.3,1.000,0.7,2.0,2.7,0.7,0.3,0.3,0.7,1.0,2.0,
Guerschon Yabusele,30,NYK,C,7,0,9.9,0.7,2.6,.278,0.4,1.9,.231,0.3,0.7,.400,.361,0.1,0.3,.500,1.6,1.1,2.7,0.1,0.1,0.1,0.3,1.6,2.0,
Chris Youngblood,23,OKC,SG,8,0,4.6,0.4,1.3,.300,0.4,1.1,.333,0.0,0.1,.000,.450,0.8,0.8,1.000,0.1,0.5,0.6,0.1,0.0,0.0,0.0,0.6,1.9,
Amir Coffey,28,MIL,SG,8,0,10.0,0.6,1.4,.455,0.1,0.8,.167,0.5,0.6,.800,.500,0.4,0.4,1.000,0.4,0.8,1.1,0.8,0.0,0.1,0.1,0.4,1.8,
Yang Hansen,20,POR,C,5,0,5.8,0.4,1.8,.222,0.0,0.6,.000,0.4,1.2,.333,.222,1.0,1.2,.833,0.6,0.2,0.8,0.0,0.0,0.4,0.6,0.8,1.8,
Dylan Cardwell,24,SAC,C,3,1,11.0,0.7,2.0,.333,0.0,0.3,.000,0.7,1.7,.400,.333,0.3,0.7,.500,0.7,1.0,1.7,0.0,0.7,1.0,0.7,3.3,1.7,
Sidy Cissoko,21,POR,SF,3,0,7.7,0.7,1.0,.667,0.0,0.3,.000,0.7,0.7,1.000,.667,0.3,0.7,.500,1.0,0.7,1.7,0.7,0.7,0.0,0.0,1.3,1.7,
Harrison Ingram,23,SAS,SF,3,0,3.7,0.7,1.0,.667,0.3,0.3,1.000,0.3,0.7,.500,.833,0.0,0.0,,1.0,0.0,1.0,0.0,0.0,0.0,0.0,0.7,1.7,
GG Jackson II,21,MEM,PF,3,0,6.7,0.7,2.7,.250,0.0,1.3,.000,0.7,1.3,.500,.250,0.3,0.7,.500,0.3,0.3,0.7,0.0,0.3,0.0,0.0,0.7,1.7,
Caleb Martin,30,DAL,SF,7,0,7.9,0.6,1.9,.308,0.1,0.6,.250,0.4,1.3,.333,.346,0.4,0.6,.750,0.6,0.6,1.1,0.6,0.4,0.0,0.4,1.4,1.7,
Dario Šarić,31,SAC,C,3,0,9.3,0.3,1.7,.200,0.3,0.7,.500,0.0,1.0,.000,.300,0.7,0.7,1.000,0.3,1.3,1.7,0.7,0.0,0.0,0.3,0.0,1.7,
Thomas Bryant,28,CLE,C,5,0,5.6,0.8,2.2,.364,0.0,1.0,.000,0.8,1.2,.667,.364,0.0,0.2,.000,0.6,0.6,1.2,0.2,0.2,0.4,0.2,0.8,1.6,
Gui Santos,23,GSW,PF,8,0,6.3,0.6,1.4,.455,0.4,1.0,.375,0.3,0.4,.667,.591,0.0,0.0,,0.5,0.4,0.9,0.3,0.3,0.0,0.6,1.3,1.6,
Ousmane Dieng,22,OKC,C,6,0,9.5,0.5,2.2,.231,0.2,1.2,.143,0.3,1.0,.333,.269,0.3,0.3,1.000,0.3,1.3,1.7,0.5,0.0,0.8,0.3,1.3,1.5,
Anthony Gill,33,WAS,PF,4,0,2.8,0.5,0.8,.667,0.0,0.0,,0.5,0.8,.667,.667,0.5,0.5,1.000,0.3,0.8,1.0,0.0,0.0,0.0,0.3,0.3,1.5,
DaRon Holmes,23,DEN,PF,2,0,2.0,0.5,0.5,1.000,0.5,0.5,1.000,0.0,0.0,,1.500,0.0,0.0,,0.0,0.0,0.0,0.0,0.0,0.0,0.0,0.5,1.5,
Jett Howard,22,ORL,SF,6,0,5.0,0.5,1.7,.300,0.5,1.5,.333,0.0,0.2,.000,.450,0.0,0.0,,0.2,0.2,0.3,0.5,0.0,0.2,0.2,0.5,1.5,
Bronny James,21,LAL,SG,6,0,11.8,0.5,2.3,.214,0.2,0.7,.250,0.3,1.7,.200,.250,0.3,0.3,1.000,0.3,0.5,0.8,1.8,0.8,0.2,0.7,1.7,1.5,
Leonard Miller,22,MIN,SF,4,0,3.3,0.8,1.3,.600,0.0,0.3,.000,0.8,1.0,.750,.600,0.0,0.0,,0.0,0.8,0.8,0.0,0.3,0.0,0.3,0.5,1.5,
Julian Phillips,22,CHI,SF,6,0,6.5,0.7,1.8,.364,0.2,0.8,.200,0.5,1.0,.500,.409,0.0,0.0,,0.2,0.2,0.3,0.2,0.5,0.2,0.0,0.7,1.5,
Jae'Sean Tate,30,HOU,SF,4,0,6.8,0.8,2.3,.333,0.0,0.8,.000,0.8,1.5,.500,.333,0.0,0.0,,0.0,1.0,1.0,0.0,0.3,0.0,0.3,1.0,1.5,
Rasheer Fleming,21,PHO,PF,4,0,4.8,0.5,2.3,.222,0.3,1.3,.200,0.3,1.0,.250,.278,0.0,0.0,,0.8,0.3,1.0,0.5,0.3,0.0,0.0,0.8,1.3,
Johnny Juzang,24,MIN,SG,3,0,2.3,0.3,1.3,.250,0.3,1.0,.333,0.0,0.3,.000,.375,0.3,0.7,.500,0.3,0.0,0.3,0.0,0.0,0.0,0.0,0.3,1.3,
Bryce McGowens,23,NOP,SG,3,0,4.0,0.0,0.7,.000,0.0,0.3,.000,0.0,0.3,.000,.000,1.3,1.3,1.000,0.0,0.0,0.0,1.0,0.0,0.0,0.0,0.0,1.3,
Rayan Rupert,21,POR,SG,4,0,6.3,0.5,1.3,.400,0.3,0.8,.333,0.3,0.5,.500,.500,0.0,0.0,,0.3,1.0,1.3,0.5,0.5,0.0,0.3,0.5,1.3,
Dalen Terry,23,CHI,SG,4,0,5.8,0.5,1.8,.286,0.3,0.5,.500,0.3,1.3,.200,.357,0.0,0.0,,0.0,0.3,0.3,0.5,0.0,0.5,0.0,1.0,1.3,
Ariel Hukporti,23,NYK,C,5,2,9.2,0.6,1.4,.429,0.0,0.0,,0.6,1.4,.429,.429,0.0,0.0,,1.4,1.6,3.0,1.0,0.2,0.2,0.4,1.2,1.2,
Brooks Barnhizer,23,OKC,SG,7,0,7.0,0.6,1.1,.500,0.0,0.0,,0.6,1.1,.500,.500,0.0,0.0,,0.3,1.0,1.3,0.1,0.1,0.0,0.0,1.0,1.1,
Kobe Brown,26,LAC,PF,4,0,5.3,0.3,1.0,.250,0.0,0.8,.000,0.3,0.3,1.000,.250,0.5,0.5,1.000,0.3,0.8,1.0,1.0,0.0,0.0,0.3,0.0,1.0,
Moussa Cisse,23,DAL,C,4,0,5.5,0.5,1.0,.500,0.0,0.0,,0.5,1.0,.500,.500,0.0,0.0,,0.5,0.0,0.5,0.0,0.3,0.3,0.5,1.0,1.0,
N'Faly Dante,24,ATL,C,3,0,4.7,0.3,1.3,.250,0.0,0.0,,0.3,1.3,.250,.250,0.3,0.3,1.000,1.0,1.3,2.3,0.0,0.7,0.0,0.3,0.3,1.0,
Ron Harper Jr.,25,BOS,SF,2,0,5.5,0.5,2.5,.200,0.0,2.0,.000,0.5,0.5,1.000,.200,0.0,0.0,,0.5,1.0,1.5,1.5,0.0,0.0,0.0,0.5,1.0,
Isaac Jones,25,SAC,PF,3,1,5.7,0.3,0.7,.500,0.0,0.3,.000,0.3,0.3,1.000,.500,0.3,0.7,.500,0.7,0.0,0.7,0.3,0.0,0.0,0.0,1.3,1.0,
Jonathan Mogbo,24,TOR,PF,6,0,5.5,0.5,1.0,.500,0.0,0.0,,0.5,1.0,.500,.500,0.0,0.0,,0.5,1.0,1.5,0.7,0.2,0.3,0.2,0.7,1.0,
Kobe Sanders,23,LAC,SG,2,0,4.5,0.5,2.0,.250,0.0,0.5,.000,0.5,1.5,.333,.250,0.0,0.0,,0.0,0.5,0.5,0.5,1.0,0.0,0.5,0.0,1.0,
Jericho Sims,27,MIL,C,5,0,4.4,0.2,0.2,1.000,0.0,0.0,,0.2,0.2,1.000,1.000,0.6,0.8,.750,0.4,0.4,0.8,0.0,0.0,0.2,0.2,0.4,1.0,
Jacob Toppin,25,ATL,SF,2,0,3.0,0.5,1.0,.500,0.0,0.0,,0.5,1.0,.500,.500,0.0,0.0,,0.0,0.0,0.0,0.0,0.0,0.0,0.0,0.5,1.0,
Amari Williams,24,BOS,PF,2,0,3.5,0.5,1.0,.500,0.0,0.0,,0.5,1.0,.500,.500,0.0,0.0,,0.5,0.5,1.0,0.5,0.5,0.0,0.0,0.5,1.0,
Jahmir Young,25,MIA,PG,2,0,5.0,0.5,1.5,.333,0.0,0.5,.000,0.5,1.0,.500,.333,0.0,0.0,,0.0,0.5,0.5,1.0,0.0,0.0,0.5,1.0,1.0,
Joan Beringer,19,MIN,PF,5,0,3.0,0.4,0.6,.667,0.0,0.0,,0.4,0.6,.667,.667,0.0,0.0,,0.2,0.8,1.0,0.0,0.0,0.0,0.0,0.4,0.8,
Devin Carter,23,SAC,PG,5,0,6.4,0.2,1.0,.200,0.0,0.6,.000,0.2,0.4,.500,.200,0.4,0.4,1.000,0.4,0.4,0.8,0.6,0.6,0.2,0.4,0.6,0.8,
Gary Harris,31,MIL,SG,3,0,4.3,0.3,1.0,.333,0.0,0.3,.000,0.3,0.7,.500,.333,0.0,0.0,,0.3,0.3,0.7,0.7,0.3,0.0,0.0,0.7,0.7,
Mason Plumlee,35,CHO,C,3,0,4.0,0.3,0.3,1.000,0.0,0.0,,0.3,0.3,1.000,1.000,0.0,0.0,,0.0,1.0,1.0,0.3,0.0,0.0,0.3,0.3,0.7,
Hunter Sallis,22,PHI,SG,3,0,2.3,0.3,0.3,1.000,0.0,0.0,,0.3,0.3,1.000,1.000,0.0,0.0,,0.0,0.3,0.3,0.3,0.0,0.0,0.7,0.3,0.7,
Luke Travers,24,CLE,SG,3,0,8.0,0.0,2.7,.000,0.0,1.0,.000,0.0,1.7,.000,.000,0.7,0.7,1.000,0.7,1.0,1.7,0.7,0.0,0.3,0.3,0.3,0.7,
Mohamed Diawara,20,NYK,SF,4,0,2.0,0.3,0.5,.500,0.0,0.0,,0.3,0.5,.500,.500,0.0,0.5,.000,0.0,0.3,0.3,0.3,0.0,0.0,0.3,0.5,0.5,
AJ Johnson,21,WAS,SG,6,0,4.3,0.2,1.0,.167,0.0,0.0,,0.2,1.0,.167,.167,0.2,0.3,.500,0.3,0.3,0.7,0.3,0.0,0.0,0.0,0.2,0.5,
Spencer Jones,24,DEN,SF,4,0,3.8,0.3,0.8,.333,0.0,0.5,.000,0.3,0.3,1.000,.333,0.0,0.0,,0.3,0.0,0.3,0.0,0.5,0.0,1.0,0.8,0.5,
Jase Richardson,20,ORL,SG,6,0,4.7,0.2,0.8,.200,0.0,0.5,.000,0.2,0.3,.500,.200,0.2,0.3,.500,0.0,0.2,0.2,0.8,0.0,0.0,0.5,0.2,0.5,
Bismack Biyombo,33,SAS,C,5,0,8.8,0.2,0.4,.500,0.0,0.0,,0.2,0.4,.500,.500,0.0,0.0,,0.4,0.6,1.0,0.4,0.6,0.0,0.4,1.8,0.4,
Thanasis Antetokounmpo,33,MIL,SF,1,0,2.0,0.0,1.0,.000,0.0,0.0,,0.0,1.0,.000,.000,0.0,0.0,,0.0,0.0,0.0,0.0,0.0,0.0,0.0,0.0,0.0,
Jevon Carter,30,CHI,PG,1,0,12.0,0.0,1.0,.000,0.0,1.0,.000,0.0,0.0,,.000,0.0,0.0,,0.0,0.0,0.0,2.0,0.0,0.0,0.0,1.0,0.0,
Sharife Cooper,24,WAS,PG,2,0,2.0,0.0,0.0,,0.0,0.0,,0.0,0.0,,,0.0,0.0,,0.0,0.0,0.0,0.0,0.0,0.0,0.5,0.0,0.0,
Pacome Dadiet,20,NYK,SG,3,0,2.3,0.0,0.0,,0.0,0.0,,0.0,0.0,,,0.0,0.0,,0.0,0.7,0.7,0.3,0.0,0.0,0.0,0.3,0.0,
Tyson Etienne,26,BRK,PG,1,0,5.0,0.0,1.0,.000,0.0,1.0,.000,0.0,0.0,,.000,0.0,0.0,,0.0,0.0,0.0,0.0,0.0,0.0,0.0,0.0,0.0,
Caleb Houstan,23,ATL,SF,3,0,1.3,0.0,0.0,,0.0,0.0,,0.0,0.0,,,0.0,0.0,,0.0,0.0,0.0,0.0,0.0,0.0,0.0,0.0,0.0,
Joe Ingles,38,MIN,SF,3,0,2.3,0.0,0.3,.000,0.0,0.3,.000,0.0,0.0,,.000,0.0,0.0,,0.0,0.0,0.0,0.7,0.0,0.0,0.0,0.0,0.0,
Andre Jackson Jr.,24,MIL,SG,3,0,4.3,0.0,0.3,.000,0.0,0.0,,0.0,0.3,.000,.000,0.0,0.0,,0.3,0.0,0.3,0.7,0.7,0.0,0.0,0.0,0.0,
Trey Jemison,26,NYK,C,1,0,8.0,0.0,0.0,,0.0,0.0,,0.0,0.0,,,0.0,0.0,,1.0,1.0,2.0,0.0,0.0,0.0,0.0,0.0,0.0,
Miles Kelly,23,DAL,PG,1,0,2.0,0.0,0.0,,0.0,0.0,,0.0,0.0,,,0.0,0.0,,0.0,0.0,0.0,0.0,0.0,0.0,1.0,1.0,0.0,
Christian Koloko,25,LAL,C,2,0,3.0,0.0,0.0,,0.0,0.0,,0.0,0.0,,,0.0,0.0,,0.0,0.5,0.5,0.0,0.0,0.0,0.0,0.5,0.0,
Chris Mañon,24,LAL,SG,2,0,3.5,0.0,0.5,.000,0.0,0.5,.000,0.0,0.0,,.000,0.0,0.0,,0.0,1.0,1.0,0.0,0.0,0.5,0.0,1.0,0.0,
Jared McCain,21,PHI,SG,1,0,15.0,0.0,4.0,.000,0.0,2.0,.000,0.0,2.0,.000,.000,0.0,0.0,,0.0,1.0,1.0,2.0,0.0,0.0,0.0,2.0,0.0,
Orlando Robinson,25,ORL,C,1,0,2.0,0.0,0.0,,0.0,0.0,,0.0,0.0,,,0.0,0.0,,0.0,0.0,0.0,0.0,0.0,0.0,0.0,1.0,0.0,
Jahmyl Telfort,24,LAC,PF,2,0,4.5,0.0,0.5,.000,0.0,0.5,.000,0.0,0.0,,.000,0.0,0.0,,0.0,0.5,0.5,0.0,0.0,0.0,0.0,0.0,0.0,
Nae'Qwan Tomlin,25,CLE,PF,1,0,1.0,0.0,0.0,,0.0,0.0,,0.0,0.0,,,0.0,0.0,,0.0,0.0,0.0,0.0,0.0,0.0,0.0,0.0,0.0,
Hunter Tyson,25,DEN,PF,2,0,3.5,0.0,1.0,.000,0.0,1.0,.000,0.0,0.0,,.000,0.0,0.0,,0.0,2.5,2.5,0.0,0.0,0.0,0.0,0.5,0.0,
Jamir Watkins,24,WAS,SG,1,0,0.0,0.0,0.0,,0.0,0.0,,0.0,0.0,,,0.0,0.0,,0.0,0.0,0.0,0.0,0.0,0.0,0.0,0.0,0.0,
Danny Wolf,21,BRK,PF,1,0,4.0,0.0,1.0,.000,0.0,0.0,,0.0,1.0,.000,.000,0.0,0.0,,0.0,1.0,1.0,2.0,0.0,0.0,0.0,0.0,0.0,
